Date,EPAM,AAPL
2017-01-03,63.65999984741211,26.862424850463867
2017-01-04,64.36000061035156,26.832361221313477
2017-01-05,64.75,26.96881103515625
2017-01-06,66.87000274658203,27.269460678100586
2017-01-09,66.83999633789062,27.51923942565918
2017-01-10,66.94999694824219,27.546995162963867
2017-01-11,67.29000091552734,27.695009231567383
2017-01-12,66.7699966430664,27.579368591308594
2017-01-13,66.98999786376953,27.530805587768555
2017-01-17,66.66000366210938,27.752832412719727
2017-01-18,66.48999786376953,27.750516891479492
2017-01-19,65.69999694824219,27.701948165893555
2017-01-20,65.4800033569336,27.752832412719727
2017-01-23,64.48999786376953,27.77132797241211
2017-01-24,66.18000030517578,27.74589729309082
2017-01-25,66.94999694824219,28.1876220703125
2017-01-26,65.75,28.201499938964844
2017-01-27,65.76000213623047,28.203813552856445
2017-01-30,64.31999969482422,28.129804611206055
2017-01-31,64.36000061035156,28.06504249572754
2017-02-01,64.73999786376953,29.77647590637207
2017-02-02,64.0,29.7255859375
2017-02-03,65.5999984741211,29.85279083251953
2017-02-06,64.80999755859375,30.13263702392578
2017-02-07,65.83999633789062,30.41941261291504
2017-02-08,64.95999908447266,30.5373592376709
2017-02-09,65.88999938964844,30.75802993774414
2017-02-10,66.5999984741211,30.6883487701416
2017-02-13,66.80000305175781,30.96010398864746
2017-02-14,66.5,31.361942291259766
2017-02-15,67.31999969482422,31.475765228271484
2017-02-16,70.69000244140625,31.4385986328125
2017-02-17,70.23999786376953,31.524539947509766
2017-02-21,72.08999633789062,31.752168655395508
2017-02-22,73.0199966430664,31.84740447998047
2017-02-23,73.12000274658203,31.712677001953125
2017-02-24,74.33000183105469,31.742870330810547
2017-02-27,73.55000305175781,31.805591583251953
2017-02-28,73.62999725341797,31.819528579711914
2017-03-01,74.87999725341797,32.46989822387695
2017-03-02,75.45999908447266,32.27711486816406
2017-03-03,73.62000274658203,32.46757888793945
2017-03-06,73.31999969482422,32.36537170410156
2017-03-07,72.58000183105469,32.40718078613281
2017-03-08,73.31999969482422,32.286399841308594
2017-03-09,73.58000183105469,32.212059020996094
2017-03-10,73.79000091552734,32.31892395019531
2017-03-13,73.62000274658203,32.332855224609375
2017-03-14,73.3499984741211,32.28408432006836
2017-03-15,72.93000030517578,32.625526428222656
2017-03-16,73.06999969482422,32.678951263427734
2017-03-17,72.5,32.516357421875
2017-03-20,72.61000061035156,32.857810974121094
2017-03-21,72.04000091552734,32.48152160644531
2017-03-22,72.56999969482422,32.84851837158203
2017-03-23,72.86000061035156,32.73237228393555
2017-03-24,73.2699966430664,32.66733932495117
2017-03-27,73.77999877929688,32.723079681396484
2017-03-28,74.5999984741211,33.401329040527344
2017-03-29,75.37000274658203,33.47565460205078
2017-03-30,75.91999816894531,33.4315185546875
2017-03-31,75.5199966430664,33.36880874633789
2017-04-03,74.33999633789062,33.37809371948242
2017-04-04,74.30000305175781,33.62663650512695
2017-04-05,74.44000244140625,33.45243453979492
2017-04-06,74.87999725341797,33.36880874633789
2017-04-07,75.37999725341797,33.29447937011719
2017-04-10,75.12000274658203,33.2549934387207
2017-04-11,75.4800033569336,32.89728546142578
2017-04-12,74.55000305175781,32.93677520751953
2017-04-13,74.70999908447266,32.7625846862793
2017-04-17,75.5199966430664,32.943748474121094
2017-04-18,75.08999633789062,32.797420501708984
2017-04-19,75.56999969482422,32.6766242980957
2017-04-20,76.5999984741211,33.0854377746582
2017-04-21,77.0199966430664,33.045955657958984
2017-04-24,77.20999908447266,33.36416244506836
2017-04-25,76.83000183105469,33.57089614868164
2017-04-26,77.55000305175781,33.37345504760742
2017-04-27,77.13999938964844,33.39900588989258
2017-04-28,77.0,33.366477966308594
2017-05-01,77.30000305175781,34.04705810546875
2017-05-02,77.25,34.2630729675293
2017-05-03,77.75,34.15855026245117
2017-05-04,80.2699966430664,34.03544998168945
2017-05-05,80.45999908447266,34.599884033203125
2017-05-08,80.88999938964844,35.540592193603516
2017-05-09,80.61000061035156,35.76822280883789
2017-05-10,81.06999969482422,35.598663330078125
2017-05-11,80.80999755859375,35.90654373168945
2017-05-12,80.61000061035156,36.407981872558594
2017-05-15,81.44000244140625,36.31468200683594
2017-05-16,81.05999755859375,36.261051177978516
2017-05-17,80.25,35.04357147216797
2017-05-18,81.0199966430664,35.57766342163086
2017-05-19,82.16999816894531,35.69895553588867
2017-05-22,82.91000366210938,35.915855407714844
2017-05-23,82.66000366210938,35.871551513671875
2017-05-24,83.75,35.76426315307617
2017-05-25,84.9000015258789,35.887874603271484
2017-05-26,84.1500015258789,35.82722854614258
2017-05-30,83.55999755859375,35.84123992919922
2017-05-31,83.87999725341797,35.62897872924805
2017-06-01,86.45999908447266,35.726951599121094
2017-06-02,85.51000213623047,36.25638198852539
2017-06-05,84.73999786376953,35.90187454223633
2017-06-06,83.44000244140625,36.02315902709961
2017-06-07,83.54000091552734,36.23772430419922
2017-06-08,83.72000122070312,36.14910888671875
2017-06-09,81.95999908447266,34.74736404418945
2017-06-12,81.4800033569336,33.917030334472656
2017-06-13,82.73999786376953,34.18992614746094
2017-06-14,82.31999969482422,33.85639953613281
2017-06-15,81.98999786376953,33.65349578857422
2017-06-16,82.5999984741211,33.18235397338867
2017-06-19,83.55999755859375,34.13161087036133
2017-06-20,82.30000305175781,33.8214225769043
2017-06-21,83.5,34.02199935913086
2017-06-22,82.80999755859375,33.96601104736328
2017-06-23,84.62999725341797,34.11761474609375
2017-06-26,84.41999816894531,34.01033020019531
2017-06-27,82.93000030517578,33.52287292480469
2017-06-28,83.91999816894531,34.01266098022461
2017-06-29,83.56999969482422,33.51120376586914
2017-06-30,84.08999633789062,33.59050750732422
2017-07-03,82.94000244140625,33.469234466552734
2017-07-05,83.51000213623047,33.60683059692383
2017-07-06,82.61000061035156,33.28963088989258
2017-07-07,84.05999755859375,33.627830505371094
2017-07-10,82.83999633789062,33.833065032958984
2017-07-11,83.33000183105469,33.94268798828125
2017-07-12,84.20999908447266,33.99166488647461
2017-07-13,83.58000183105469,34.46513748168945
2017-07-14,84.25,34.7613525390625
2017-07-17,83.80000305175781,34.882633209228516
2017-07-18,85.5999984741211,35.003902435302734
2017-07-19,85.56999969482422,35.22316360473633
2017-07-20,86.58000183105469,35.064552307128906
2017-07-21,87.26000213623047,35.04823303222656
2017-07-24,87.36000061035156,35.47270965576172
2017-07-25,86.58000183105469,35.62432098388672
2017-07-26,86.9800033569336,35.792240142822266
2017-07-27,85.79000091552734,35.11586380004883
2017-07-28,85.45999908447266,34.86863327026367
2017-07-31,85.93000030517578,34.68904495239258
2017-08-01,86.04000091552734,34.996910095214844
2017-08-02,84.5199966430664,36.650543212890625
2017-08-03,81.9000015258789,36.284385681152344
2017-08-04,83.41000366210938,36.47562789916992
2017-08-07,82.2300033569336,37.04005432128906
2017-08-08,81.83000183105469,37.33625793457031
2017-08-09,81.80999755859375,37.56483459472656
2017-08-10,81.1500015258789,36.36832809448242
2017-08-11,79.7300033569336,36.874080657958984
2017-08-14,82.01000213623047,37.42902374267578
2017-08-15,82.38999938964844,37.838802337646484
2017-08-16,82.2300033569336,37.68659973144531
2017-08-17,79.94999694824219,36.96306228637695
2017-08-18,80.75,36.87876510620117
2017-08-21,80.81999969482422,36.810874938964844
2017-08-22,80.66000366210938,37.41264724731445
2017-08-23,80.08000183105469,37.4594612121582
2017-08-24,79.66000366210938,37.2932243347168
2017-08-25,78.83000183105469,37.43136978149414
2017-08-28,79.01000213623047,37.80834197998047
2017-08-29,78.88999938964844,38.145530700683594
2017-08-30,79.58000183105469,38.24856185913086
2017-08-31,81.33000183105469,38.400753021240234
2017-09-01,82.11000061035156,38.412471771240234
2017-09-05,83.36000061035156,37.9511833190918
2017-09-06,83.80000305175781,37.911376953125
2017-09-07,84.83999633789062,37.75917053222656
2017-09-08,84.54000091552734,37.14336395263672
2017-09-11,84.68000030517578,37.81538009643555
2017-09-12,87.61000061035156,37.66551971435547
2017-09-13,85.29000091552734,37.38218688964844
2017-09-14,83.01000213623047,37.061405181884766
2017-09-15,81.80000305175781,37.43605422973633
2017-09-18,84.19999694824219,37.15272903442383
2017-09-19,83.2699966430664,37.166770935058594
2017-09-20,83.4800033569336,36.543941497802734
2017-09-21,83.6500015258789,35.916412353515625
2017-09-22,84.08999633789062,35.565185546875
2017-09-25,84.13999938964844,35.25142288208008
2017-09-26,84.54000091552734,35.857879638671875
2017-09-27,85.44000244140625,36.11310958862305
2017-09-28,85.4000015258789,35.89065933227539
2017-09-29,87.93000030517578,36.087337493896484
2017-10-02,88.0999984741211,36.01475524902344
2017-10-03,89.33000183105469,36.171634674072266
2017-10-04,89.4800033569336,35.93748474121094
2017-10-05,89.8499984741211,36.38471984863281
2017-10-06,90.18000030517578,36.36363220214844
2017-10-09,89.77999877929688,36.490081787109375
2017-10-10,89.91999816894531,36.504127502441406
2017-10-11,90.62999725341797,36.65632629394531
2017-10-12,90.5999984741211,36.52754592895508
2017-10-13,90.95999908447266,36.75934982299805
2017-10-16,91.1500015258789,37.43605422973633
2017-10-17,90.94999694824219,37.5742073059082
2017-10-18,90.54000091552734,37.40795135498047
2017-10-19,90.54000091552734,36.522857666015625
2017-10-20,91.41000366210938,36.58609390258789
2017-10-23,90.94999694824219,36.56734848022461
2017-10-24,90.80000305175781,36.78512191772461
2017-10-25,90.69000244140625,36.6235466003418
2017-10-26,90.33999633789062,36.85770797729492
2017-10-27,90.94999694824219,38.178321838378906
2017-10-30,91.12000274658203,39.03764724731445
2017-10-31,91.1500015258789,39.580875396728516
2017-11-01,90.61000061035156,39.077449798583984
2017-11-02,99.1500015258789,39.36310577392578
2017-11-03,99.66999816894531,40.39103698730469
2017-11-06,99.94999694824219,40.80080032348633
2017-11-07,100.7300033569336,40.93192672729492
2017-11-08,102.98999786376953,41.26676940917969
2017-11-09,102.33999633789062,41.182464599609375
2017-11-10,102.80000305175781,41.04616928100586
2017-11-13,102.37000274658203,40.88166809082031
2017-11-14,102.61000061035156,40.26362991333008
2017-11-15,102.62999725341797,39.73255920410156
2017-11-16,103.61000061035156,40.20724868774414
2017-11-17,103.69999694824219,39.984004974365234
2017-11-20,103.62999725341797,39.94405746459961
2017-11-21,105.94999694824219,40.68663787841797
2017-11-22,105.81999969482422,41.114322662353516
2017-11-24,106.77999877929688,41.116668701171875
2017-11-27,105.9800033569336,40.90987777709961
2017-11-28,107.77999877929688,40.67017364501953
2017-11-29,102.19000244140625,39.82656478881836
2017-11-30,101.44000244140625,40.38349151611328
2017-12-01,99.01000213623047,40.195499420166016
2017-12-04,97.08000183105469,39.90174865722656
2017-12-05,97.13999938964844,39.86415481567383
2017-12-06,97.72000122070312,39.71610641479492
2017-12-07,100.06999969482422,39.7889518737793
2017-12-08,101.91000366210938,39.80071258544922
2017-12-11,104.5,40.57618713378906
2017-12-12,104.56999969482422,40.34823989868164
2017-12-13,106.06999969482422,40.48219299316406
2017-12-14,105.08000183105469,40.4704475402832
2017-12-15,106.69999694824219,40.88166809082031
2017-12-18,108.69999694824219,41.4574089050293
2017-12-19,108.02999877929688,41.015621185302734
2017-12-20,108.02999877929688,40.97097396850586
2017-12-21,108.93000030517578,41.126068115234375
2017-12-22,108.5999984741211,41.126068115234375
2017-12-26,107.58000183105469,40.08270263671875
2017-12-27,107.72000122070312,40.089752197265625
2017-12-28,107.69999694824219,40.202545166015625
2017-12-29,107.43000030517578,39.767826080322266
2018-01-02,108.4000015258789,40.47983169555664
2018-01-03,109.7699966430664,40.47279357910156
2018-01-04,110.02999877929688,40.66078186035156
2018-01-05,110.20999908447266,41.12371826171875
2018-01-08,110.69999694824219,40.97097396850586
2018-01-09,111.0999984741211,40.966278076171875
2018-01-10,109.66000366210938,40.956878662109375
2018-01-11,110.4000015258789,41.189517974853516
2018-01-12,110.87000274658203,41.61485290527344
2018-01-16,110.19000244140625,41.403358459472656
2018-01-17,112.25,42.087188720703125
2018-01-18,113.11000061035156,42.124794006347656
2018-01-19,113.30000305175781,41.936790466308594
2018-01-22,112.8499984741211,41.59370040893555
2018-01-23,114.76000213623047,41.60309600830078
2018-01-24,115.52999877929688,40.94042205810547
2018-01-25,116.19000244140625,40.20958709716797
2018-01-26,119.0199966430664,40.303592681884766
2018-01-29,117.75,39.46936798095703
2018-01-30,117.4000015258789,39.236717224121094
2018-01-31,117.4800033569336,39.344818115234375
2018-02-01,115.69999694824219,39.427066802978516
2018-02-02,113.75,37.71632385253906
2018-02-05,109.33000183105469,36.77401351928711
2018-02-06,111.72000122070312,38.31085968017578
2018-02-07,110.93000030517578,37.490718841552734
2018-02-08,106.19000244140625,36.459110260009766
2018-02-09,104.87000274658203,36.905059814453125
2018-02-12,110.02999877929688,38.39155578613281
2018-02-13,110.45999908447266,38.77615737915039
2018-02-14,110.7300033569336,39.4910774230957
2018-02-15,112.2300033569336,40.81713104248047
2018-02-16,114.94999694824219,40.68498229980469
2018-02-20,113.8499984741211,40.54814147949219
2018-02-21,113.04000091552734,40.36410140991211
2018-02-22,114.6500015258789,40.70151138305664
2018-02-23,116.66000366210938,41.40936279296875
2018-02-26,116.29000091552734,42.22810363769531
2018-02-27,114.61000061035156,42.09125900268555
2018-02-28,113.12000274658203,42.02754592895508
2018-03-01,112.73999786376953,41.291385650634766
2018-03-02,115.97000122070312,41.57687759399414
2018-03-05,116.30000305175781,41.720821380615234
2018-03-06,115.36000061035156,41.685420989990234
2018-03-07,116.66000366210938,41.29845428466797
2018-03-08,118.77999877929688,41.74913024902344
2018-03-09,122.5199966430664,42.466426849365234
2018-03-12,124.9000015258789,42.8769645690918
2018-03-13,121.79000091552734,42.46406173706055
2018-03-14,121.83000183105469,42.10305404663086
2018-03-15,121.75,42.15260696411133
2018-03-16,119.06999969482422,42.00395584106445
2018-03-19,119.0999984741211,41.36217498779297
2018-03-20,119.1500015258789,41.3480110168457
2018-03-21,120.80999755859375,40.41128921508789
2018-03-22,116.75,39.84028625488281
2018-03-23,112.62000274658203,38.91771697998047
2018-03-26,117.2300033569336,40.76520538330078
2018-03-27,113.30999755859375,39.719947814941406
2018-03-28,111.52999877929688,39.28108596801758
2018-03-29,114.5199966430664,39.58781814575195
2018-04-02,112.19999694824219,39.32828140258789
2018-04-03,112.73999786376953,39.73175048828125
2018-04-04,113.20999908447266,40.49152374267578
2018-04-05,113.69000244140625,40.772300720214844
2018-04-06,111.01000213623047,39.729393005371094
2018-04-09,110.55999755859375,40.1234245300293
2018-04-10,111.62000274658203,40.87847137451172
2018-04-11,112.63999938964844,40.68735122680664
2018-04-12,113.94000244140625,41.088470458984375
2018-04-13,112.68000030517578,41.22768020629883
2018-04-16,114.51000213623047,41.484867095947266
2018-04-17,118.2300033569336,42.05587387084961
2018-04-18,117.97000122070312,41.961490631103516
2018-04-19,119.18000030517578,40.772300720214844
2018-04-20,118.11000061035156,39.10176086425781
2018-04-23,115.86000061035156,38.98850631713867
2018-04-24,114.05000305175781,38.44581985473633
2018-04-25,112.83000183105469,38.61334228515625
2018-04-26,114.87999725341797,38.74783706665039
2018-04-27,114.77999877929688,38.299530029296875
2018-04-30,114.3499984741211,38.99323272705078
2018-05-01,114.9800033569336,39.89927291870117
2018-05-02,114.54000091552734,41.661834716796875
2018-05-03,114.95999908447266,41.73733139038086
2018-05-04,116.9000015258789,43.37483215332031
2018-05-07,117.94999694824219,43.68864059448242
2018-05-08,116.9000015258789,43.89863967895508
2018-05-09,124.31999969482422,44.20773696899414
2018-05-10,128.08999633789062,44.8400764465332
2018-05-11,129.72000122070312,44.6695442199707
2018-05-14,125.58999633789062,44.56531524658203
2018-05-15,124.98999786376953,44.16028594970703
2018-05-16,123.54000091552734,44.57244873046875
2018-05-17,125.62999725341797,44.29056167602539
2018-05-18,126.41000366210938,44.1295051574707
2018-05-21,125.7300033569336,44.44215393066406
2018-05-22,123.43000030517578,44.33082962036133
2018-05-23,124.29000091552734,44.61506652832031
2018-05-24,123.81999969482422,44.56531524658203
2018-05-25,122.45999908447266,44.66716384887695
2018-05-29,122.08000183105469,44.506103515625
2018-05-30,124.36000061035156,44.41136932373047
2018-05-31,123.18000030517578,44.262142181396484
2018-06-01,124.0,45.06037139892578
2018-06-04,125.86000061035156,45.436973571777344
2018-06-05,127.05000305175781,45.78752517700195
2018-06-06,127.37999725341797,45.94622039794922
2018-06-07,124.13999938964844,45.823062896728516
2018-06-08,124.8499984741211,45.40617752075195
2018-06-11,125.94000244140625,45.294857025146484
2018-06-12,127.58000183105469,45.54356384277344
2018-06-13,125.7300033569336,45.169315338134766
2018-06-14,125.48999786376953,45.19300842285156
2018-06-15,124.12999725341797,44.7287483215332
2018-06-18,126.43000030517578,44.705078125
2018-06-19,123.30999755859375,43.98265075683594
2018-06-20,122.13999938964844,44.17451477050781
2018-06-21,119.94999694824219,43.92818069458008
2018-06-22,120.66000366210938,43.800262451171875
2018-06-25,120.45999908447266,43.148895263671875
2018-06-26,122.37000274658203,43.684200286865234
2018-06-27,121.29000091552734,43.62024688720703
2018-06-28,123.0199966430664,43.937644958496094
2018-06-29,124.33000183105469,43.84526443481445
2018-07-02,124.29000091552734,44.33557891845703
2018-07-03,122.44999694824219,43.56340789794922
2018-07-05,123.80999755859375,43.91395568847656
2018-07-06,128.25999450683594,44.52268981933594
2018-07-09,130.47999572753906,45.14090347290039
2018-07-10,129.35000610351562,45.086429595947266
2018-07-11,129.75,44.50138473510742
2018-07-12,133.5,45.24748992919922
2018-07-13,133.55999755859375,45.318546295166016
2018-07-16,132.25999450683594,45.219051361083984
2018-07-17,133.77999877929688,45.34696960449219
2018-07-18,133.27000427246094,45.09824752807617
2018-07-19,134.47999572753906,45.448822021484375
2018-07-20,133.75,45.3446044921875
2018-07-23,136.44000244140625,45.38487243652344
2018-07-24,131.9600067138672,45.71410369873047
2018-07-25,133.6300048828125,46.145179748535156
2018-07-26,133.92999267578125,46.000701904296875
2018-07-27,130.57000732421875,45.23564529418945
2018-07-30,129.2899932861328,44.982208251953125
2018-07-31,130.2100067138672,45.07221221923828
2018-08-01,131.52999877929688,47.72740936279297
2018-08-02,128.11000061035156,49.122528076171875
2018-08-03,125.13999938964844,49.264644622802734
2018-08-06,127.97000122070312,49.52045440673828
2018-08-07,131.22000122070312,49.05620193481445
2018-08-08,131.0500030517578,49.0893669128418
2018-08-09,130.14999389648438,49.47544479370117
2018-08-10,130.27000427246094,49.32809066772461
2018-08-13,128.3000030517578,49.646583557128906
2018-08-14,131.91000366210938,49.85576248168945
2018-08-15,132.16000366210938,49.972225189208984
2018-08-16,132.77000427246094,50.704307556152344
2018-08-17,134.99000549316406,51.71687698364258
2018-08-20,136.39999389648438,51.21296310424805
2018-08-21,137.4199981689453,51.1131477355957
2018-08-22,139.25,51.115509033203125
2018-08-23,139.80999755859375,51.22010040283203
2018-08-24,141.0,51.37936019897461
2018-08-27,142.14999389648438,51.802452087402344
2018-08-28,142.6199951171875,52.22079086303711
2018-08-29,142.77000427246094,53.00041580200195
2018-08-30,144.0,53.487674713134766
2018-08-31,142.92999267578125,54.105674743652344
2018-09-04,142.8000030517578,54.27919006347656
2018-09-05,137.1699981689453,53.92502975463867
2018-09-06,135.69000244140625,53.028926849365234
2018-09-07,137.72999572753906,52.60108947753906
2018-09-10,137.32000732421875,51.89514923095703
2018-09-11,137.97999572753906,53.207210540771484
2018-09-12,139.7100067138672,52.54642868041992
2018-09-13,139.94000244140625,53.81569290161133
2018-09-14,140.3300018310547,53.20482635498047
2018-09-17,139.27999877929688,51.78819274902344
2018-09-18,140.25999450683594,51.873748779296875
2018-09-19,139.05999755859375,51.9046516418457
2018-09-20,138.72000122070312,52.29922103881836
2018-09-21,138.1199951171875,51.735897064208984
2018-09-24,136.72000122070312,52.4798583984375
2018-09-25,137.8800048828125,52.81262969970703
2018-09-26,137.80999755859375,52.391910552978516
2018-09-27,137.4199981689453,53.46866226196289
2018-09-28,137.6999969482422,53.65644073486328
2018-10-01,138.02999877929688,54.01772689819336
2018-10-02,136.72000122070312,54.49786376953125
2018-10-03,137.44000244140625,55.161041259765625
2018-10-04,132.97999572753906,54.19125747680664
2018-10-05,132.6199951171875,53.311790466308594
2018-10-08,129.2100067138672,53.18819046020508
2018-10-09,128.94000244140625,53.92502975463867
2018-10-10,122.12000274658203,51.426883697509766
2018-10-11,118.0,50.972904205322266
2018-10-12,119.75,52.793617248535156
2018-10-15,118.37000274658203,51.66457748413086
2018-10-16,123.48999786376953,52.803123474121094
2018-10-17,123.0999984741211,52.57493591308594
2018-10-18,121.38999938964844,51.34608459472656
2018-10-19,120.63999938964844,52.128089904785156
2018-10-22,120.66000366210938,52.44658279418945
2018-10-23,119.62000274658203,52.94097900390625
2018-10-24,114.70999908447266,51.125022888183594
2018-10-25,117.94999694824219,52.24455261230469
2018-10-26,115.62000274658203,51.412635803222656
2018-10-29,112.48999786376953,50.44760513305664
2018-10-30,113.25,50.699562072753906
2018-10-31,119.47000122070312,52.0211296081543
2018-11-01,127.5999984741211,52.81977462768555
2018-11-02,126.30000305175781,49.316192626953125
2018-11-05,124.18000030517578,47.91618728637695
2018-11-06,125.0,48.434364318847656
2018-11-07,129.2100067138672,49.90328598022461
2018-11-08,130.6699981689453,49.72917938232422
2018-11-09,130.07000732421875,48.77031707763672
2018-11-12,127.01000213623047,46.313560485839844
2018-11-13,128.25,45.8508186340332
2018-11-14,126.0199966430664,44.5556526184082
2018-11-15,126.16000366210938,45.65523910522461
2018-11-16,125.31999969482422,46.16090774536133
2018-11-19,121.0999984741211,44.33145523071289
2018-11-20,118.01000213623047,42.213382720947266
2018-11-21,120.5199966430664,42.165687561035156
2018-11-23,120.37000274658203,41.09473419189453
2018-11-26,124.41000366210938,41.65048599243164
2018-11-27,124.08000183105469,41.55984878540039
2018-11-28,126.33999633789062,43.15792465209961
2018-11-29,126.69999694824219,42.826385498046875
2018-11-30,130.25,42.59502410888672
2018-12-03,134.42999267578125,44.083396911621094
2018-12-04,130.30999755859375,42.144222259521484
2018-12-06,127.91000366210938,41.67433547973633
2018-12-07,122.8499984741211,40.1883430480957
2018-12-10,122.25,40.453102111816406
2018-12-11,123.41000366210938,40.22174072265625
2018-12-12,124.06999969482422,40.33384323120117
2018-12-13,123.80000305175781,40.77511215209961
2018-12-14,119.25,39.47040557861328
2018-12-17,114.25,39.10309600830078
2018-12-18,117.44000244140625,39.61112976074219
2018-12-19,114.86000061035156,38.375587463378906
2018-12-20,109.33999633789062,37.407196044921875
2018-12-21,107.48999786376953,35.95222091674805
2018-12-24,106.27999877929688,35.02198791503906
2018-12-26,112.72000122070312,37.48830032348633
2018-12-27,115.04000091552734,37.24500274658203
2018-12-28,114.04000091552734,37.26409149169922
2018-12-31,116.01000213623047,37.62425231933594
2019-01-02,114.31999969482422,37.66718673706055
2019-01-03,112.29000091552734,33.91524887084961
2019-01-04,117.33999633789062,35.363075256347656
2019-01-07,123.33999633789062,35.284358978271484
2019-01-08,125.37000274658203,35.95698547363281
2019-01-09,128.50999450683594,36.56759262084961
2019-01-10,129.52999877929688,36.68447494506836
2019-01-11,130.47999572753906,36.324302673339844
2019-01-14,129.8699951171875,35.77809524536133
2019-01-15,133.25,36.5103645324707
2019-01-16,135.1699981689453,36.956398010253906
2019-01-17,136.22000122070312,37.17582702636719
2019-01-18,138.58999633789062,37.404815673828125
2019-01-22,136.4600067138672,36.56521987915039
2019-01-23,135.35000610351562,36.713096618652344
2019-01-24,135.8699951171875,36.42210006713867
2019-01-25,140.8000030517578,37.6290168762207
2019-01-28,139.33999633789062,37.28078079223633
2019-01-29,138.80999755859375,36.894378662109375
2019-01-30,141.10000610351562,39.41554260253906
2019-01-31,141.47999572753906,39.69938659667969
2019-02-01,144.1300048828125,39.71845626831055
2019-02-04,144.47000122070312,40.84666061401367
2019-02-05,145.25,41.54552459716797
2019-02-06,146.30999755859375,41.55984878540039
2019-02-07,144.39999389648438,40.772727966308594
2019-02-08,146.41000366210938,40.82062530517578
2019-02-11,149.2100067138672,40.58587646484375
2019-02-12,148.19000244140625,40.93561553955078
2019-02-13,149.5800018310547,40.765533447265625
2019-02-14,154.08999633789062,40.91405487060547
2019-02-15,154.69000244140625,40.82301712036133
2019-02-19,155.75999450683594,40.945186614990234
2019-02-20,155.88999938964844,41.20869827270508
2019-02-21,156.0,40.9763298034668
2019-02-22,158.61000061035156,41.433868408203125
2019-02-25,159.47999572753906,41.735694885253906
2019-02-26,159.67999267578125,41.7596435546875
2019-02-27,159.8699951171875,41.88899230957031
2019-02-28,161.77999877929688,41.47697830200195
2019-03-01,163.5500030517578,41.9129524230957
2019-03-04,162.5,42.12374496459961
2019-03-05,161.67999267578125,42.04709243774414
2019-03-06,160.69000244140625,41.805145263671875
2019-03-07,159.4199981689453,41.32127380371094
2019-03-08,161.0800018310547,41.41948699951172
2019-03-11,163.57000732421875,42.8543586730957
2019-03-12,165.5500030517578,43.335838317871094
2019-03-13,166.47999572753906,43.5274658203125
2019-03-14,168.0,44.01134490966797
2019-03-15,169.47000122070312,44.5838623046875
2019-03-18,169.0500030517578,45.03900146484375
2019-03-19,169.82000732421875,44.68207550048828
2019-03-20,168.36000061035156,45.07253646850586
2019-03-21,173.1300048828125,46.7325553894043
2019-03-22,164.25999450683594,45.76481246948242
2019-03-25,167.1199951171875,45.211463928222656
2019-03-26,170.16000366210938,44.74435043334961
2019-03-27,164.9499969482422,45.14678955078125
2019-03-28,168.0,45.2066764831543
2019-03-29,169.1300048828125,45.501312255859375
2019-04-01,171.1199951171875,45.81032943725586
2019-04-02,170.9600067138672,46.47624969482422
2019-04-03,175.02000427246094,46.794857025146484
2019-04-04,169.2899932861328,46.87629699707031
2019-04-05,168.35000610351562,47.19009780883789
2019-04-08,169.27000427246094,47.93268585205078
2019-04-09,168.9199981689453,47.788963317871094
2019-04-10,171.1999969482422,48.05723571777344
2019-04-11,172.50999450683594,47.65719985961914
2019-04-12,173.55999755859375,47.63804244995117
2019-04-15,172.27999877929688,47.724281311035156
2019-04-16,174.0,47.729068756103516
2019-04-17,169.77000427246094,48.65849685668945
2019-04-18,171.4199981689453,48.83336639404297
2019-04-22,172.72999572753906,48.99386215209961
2019-04-23,177.19000244140625,49.700504302978516
2019-04-24,176.5800018310547,49.623863220214844
2019-04-25,176.14999389648438,49.173519134521484
2019-04-26,176.58999633789062,48.93877029418945
2019-04-29,177.25999450683594,49.01301574707031
2019-04-30,179.36000061035156,48.06923294067383
2019-05-01,178.02000427246094,50.42872619628906
2019-05-02,175.0800018310547,50.100563049316406
2019-05-03,177.30999755859375,50.72336196899414
2019-05-06,176.7899932861328,49.94005584716797
2019-05-07,170.2899932861328,48.59382247924805
2019-05-08,170.4199981689453,48.6034049987793
2019-05-09,169.7899932861328,48.08119583129883
2019-05-10,171.13999938964844,47.415103912353516
2019-05-13,163.97000122070312,44.659366607666016
2019-05-14,168.3000030517578,45.3663330078125
2019-05-15,171.0399932861328,45.9097900390625
2019-05-16,171.8800048828125,45.70779800415039
2019-05-17,169.52000427246094,45.44809341430664
2019-05-20,166.49000549316406,44.026939392089844
2019-05-21,170.14999389648438,44.8709831237793
2019-05-22,171.22999572753906,43.952388763427734
2019-05-23,166.41000366210938,43.20214080810547
2019-05-24,167.30999755859375,43.03622817993164
2019-05-28,166.9499969482422,42.85826873779297
2019-05-29,166.77000427246094,42.65388107299805
2019-05-30,173.0399932861328,42.8751106262207
2019-05-31,172.58999633789062,42.09839630126953
2019-06-03,162.8699951171875,41.67277908325195
2019-06-04,168.17999267578125,43.19733810424805
2019-06-05,170.16000366210938,43.89468002319336
2019-06-06,172.82000732421875,44.53912353515625
2019-06-07,176.75,45.72462844848633
2019-06-10,177.11000061035156,46.308963775634766
2019-06-11,177.4499969482422,46.8452033996582
2019-06-12,177.88999938964844,46.69611358642578
2019-06-13,176.6999969482422,46.686500549316406
2019-06-14,174.5,46.347442626953125
2019-06-17,172.60000610351562,46.62397766113281
2019-06-18,173.47999572753906,47.72050476074219
2019-06-19,173.52999877929688,47.58102035522461
2019-06-20,175.0,47.963375091552734
2019-06-21,174.0800018310547,47.79985427856445
2019-06-24,171.80999755859375,47.75176239013672
2019-06-25,170.49000549316406,47.0279655456543
2019-06-26,170.99000549316406,48.045135498046875
2019-06-27,172.92999267578125,48.030704498291016
2019-06-28,173.10000610351562,47.59305191040039
2019-07-01,176.7100067138672,48.465938568115234
2019-07-02,177.1300048828125,48.74968719482422
2019-07-03,177.38999938964844,49.1536750793457
2019-07-05,180.11000061035156,49.11039352416992
2019-07-08,184.6699981689453,48.098026275634766
2019-07-09,187.00999450683594,48.39139938354492
2019-07-10,188.11000061035156,48.86991500854492
2019-07-11,191.0500030517578,48.514041900634766
2019-07-12,193.6300048828125,48.88676071166992
2019-07-15,196.02000427246094,49.3460578918457
2019-07-16,195.89999389648438,49.17532730102539
2019-07-17,198.50999450683594,48.898780822753906
2019-07-18,195.27999877929688,49.454261779785156
2019-07-19,192.8699951171875,48.71603012084961
2019-07-22,193.89999389648438,49.82939529418945
2019-07-23,195.4600067138672,50.218936920166016
2019-07-24,196.91000366210938,50.17807388305664
2019-07-25,197.4600067138672,49.78129959106445
2019-07-26,200.82000732421875,49.95443344116211
2019-07-29,198.88999938964844,50.42093276977539
2019-07-30,197.47999572753906,50.20450973510742
2019-07-31,193.7899932861328,51.228904724121094
2019-08-01,193.74000549316406,50.12034225463867
2019-08-02,187.8300018310547,49.05990219116211
2019-08-05,176.3800048828125,46.49171829223633
2019-08-06,179.91000366210938,47.371822357177734
2019-08-07,179.6999969482422,47.862369537353516
2019-08-08,189.97999572753906,48.91801834106445
2019-08-09,186.5,48.51491928100586
2019-08-12,186.74000549316406,48.391815185546875
2019-08-13,189.61000061035156,50.44112777709961
2019-08-14,182.33999633789062,48.93974304199219
2019-08-15,184.47999572753906,48.69594955444336
2019-08-16,188.02000427246094,49.84492874145508
2019-08-19,190.63999938964844,50.77422332763672
2019-08-20,193.27000427246094,50.77664566040039
2019-08-21,196.97000122070312,51.326995849609375
2019-08-22,195.5,51.28355407714844
2019-08-23,188.24000549316406,48.91320037841797
2019-08-26,188.97000122070312,49.842506408691406
2019-08-27,188.89999389648438,49.280086517333984
2019-08-28,189.75,49.61077880859375
2019-08-29,191.97999572753906,50.450775146484375
2019-08-30,191.3300018310547,50.38561248779297
2019-09-03,188.27000427246094,49.65181350708008
2019-09-04,191.44000244140625,50.494232177734375
2019-09-05,194.82000732421875,51.48147201538086
2019-09-06,192.88999938964844,51.47664260864258
2019-09-09,193.47999572753906,51.69630813598633
2019-09-10,176.1300048828125,52.30699157714844
2019-09-11,183.72999572753906,53.9700927734375
2019-09-12,184.1699981689453,53.849403381347656
2019-09-13,178.9199981689453,52.801815032958984
2019-09-16,180.9499969482422,53.079402923583984
2019-09-17,183.25999450683594,53.27250671386719
2019-09-18,184.55999755859375,53.77216720581055
2019-09-19,185.24000549316406,53.33527374267578
2019-09-20,185.7899932861328,52.55561065673828
2019-09-23,184.75999450683594,52.79458236694336
2019-09-24,181.77999877929688,52.543548583984375
2019-09-25,183.8300018310547,53.3521728515625
2019-09-26,183.63999938964844,53.07699203491211
2019-09-27,180.36000061035156,52.8187255859375
2019-09-30,182.32000732421875,54.06181716918945
2019-10-01,181.44000244140625,54.21147918701172
2019-10-02,180.02000427246094,52.852508544921875
2019-10-03,184.3000030517578,53.30147171020508
2019-10-04,188.91000366210938,54.79561996459961
2019-10-07,190.02999877929688,54.80768585205078
2019-10-08,184.50999450683594,54.16562271118164
2019-10-09,185.8300018310547,54.80044174194336
2019-10-10,184.44000244140625,55.53907012939453
2019-10-11,189.02000427246094,57.01631164550781
2019-10-14,188.1999969482422,56.934234619140625
2019-10-15,189.9499969482422,56.80147933959961
2019-10-16,188.4499969482422,56.572174072265625
2019-10-17,189.1999969482422,56.791831970214844
2019-10-18,186.9600067138672,57.06459045410156
2019-10-21,185.97999572753906,58.05424499511719
2019-10-22,170.0,57.92148208618164
2019-10-23,171.85000610351562,58.6987190246582
2019-10-24,177.52000427246094,58.7952880859375
2019-10-25,176.14999389648438,59.5194206237793
2019-10-28,178.57000732421875,60.11563491821289
2019-10-29,176.6199951171875,58.72528839111328
2019-10-30,177.25,58.7180290222168
2019-10-31,175.9600067138672,60.04561996459961
2019-11-01,177.4199981689453,61.74977493286133
2019-11-04,177.27999877929688,62.15528869628906
2019-11-05,177.80999755859375,62.06597137451172
2019-11-06,178.41000366210938,62.092525482177734
2019-11-07,190.2899932861328,62.80915832519531
2019-11-08,189.22999572753906,62.98106002807617
2019-11-11,194.27999877929688,63.47978210449219
2019-11-12,199.66000366210938,63.42167663574219
2019-11-13,200.83999633789062,64.02936553955078
2019-11-14,207.6699981689453,63.58629608154297
2019-11-15,205.69000244140625,64.3416748046875
2019-11-18,208.17999267578125,64.66610717773438
2019-11-19,209.6999969482422,64.4699935913086
2019-11-20,208.27000427246094,63.7194709777832
2019-11-21,205.50999450683594,63.433799743652344
2019-11-22,205.14999389648438,63.37810134887695
2019-11-25,212.74000549316406,64.48937225341797
2019-11-26,212.3000030517578,63.98578643798828
2019-11-27,213.02999877929688,64.84525299072266
2019-11-29,211.85000610351562,64.70237731933594
2019-12-02,205.0500030517578,63.954307556152344
2019-12-03,205.10000610351562,62.813995361328125
2019-12-04,207.00999450683594,63.36840057373047
2019-12-05,206.5,64.298095703125
2019-12-06,209.91000366210938,65.54006958007812
2019-12-09,208.80999755859375,64.62250518798828
2019-12-10,208.52999877929688,65.00019836425781
2019-12-11,207.83999633789062,65.55461883544922
2019-12-12,206.74000549316406,65.72166442871094
2019-12-13,210.02000427246094,66.61504364013672
2019-12-16,212.1999969482422,67.75533294677734
2019-12-17,209.22000122070312,67.88851165771484
2019-12-18,209.32000732421875,67.72628784179688
2019-12-19,211.1699981689453,67.7940902709961
2019-12-20,211.89999389648438,67.65367126464844
2019-12-23,211.3000030517578,68.7576675415039
2019-12-24,211.66000366210938,68.82302856445312
2019-12-26,215.86000061035156,70.18850708007812
2019-12-27,214.38999938964844,70.16185760498047
2019-12-30,210.50999450683594,70.57828521728516
2019-12-31,212.16000366210938,71.09397888183594
2020-01-02,216.30999755859375,72.71607971191406
2020-01-03,217.39999389648438,72.00914001464844
2020-01-06,214.1999969482422,72.58292388916016
2020-01-07,215.61000061035156,72.2415542602539
2020-01-08,221.3800048828125,73.40362548828125
2020-01-09,223.2899932861328,74.9627914428711
2020-01-10,223.0800018310547,75.13225555419922
2020-01-13,228.55999755859375,76.7374267578125
2020-01-14,227.1699981689453,75.70120239257812
2020-01-15,228.7100067138672,75.37681579589844
2020-01-16,233.7100067138672,76.32097625732422
2020-01-17,232.42999267578125,77.16595458984375
2020-01-21,231.80999755859375,76.64299774169922
2020-01-22,232.50999450683594,76.91659545898438
2020-01-23,230.3000030517578,77.2870101928711
2020-01-24,227.57000732421875,77.06425476074219
2020-01-27,226.83999633789062,74.79816436767578
2020-01-28,233.3300018310547,76.91414642333984
2020-01-29,233.42999267578125,78.52416229248047
2020-01-30,231.9199981689453,78.41036224365234
2020-01-31,228.13999938964844,74.9337387084961
2020-02-03,234.25,74.72794342041016
2020-02-04,238.60000610351562,77.19499206542969
2020-02-05,232.10000610351562,77.824462890625
2020-02-06,234.77999877929688,78.73477935791016
2020-02-07,233.02000427246094,77.66455078125
2020-02-10,235.3300018310547,78.033447265625
2020-02-11,231.47000122070312,77.56265258789062
2020-02-12,232.35000610351562,79.40457916259766
2020-02-13,232.9499969482422,78.839111328125
2020-02-14,236.75,78.8585433959961
2020-02-18,237.0,77.41461181640625
2020-02-19,240.0,78.53578186035156
2020-02-20,238.0500030517578,77.73008728027344
2020-02-21,231.36000061035156,75.97065734863281
2020-02-24,226.02999877929688,72.3620376586914
2020-02-25,216.9600067138672,69.91098022460938
2020-02-26,221.88999938964844,71.02001190185547
2020-02-27,220.83999633789062,66.3775634765625
2020-02-28,223.1999969482422,66.3387222290039
2020-03-02,229.8699951171875,72.51492309570312
2020-03-03,225.0,70.2118911743164
2020-03-04,235.9499969482422,73.4686508178711
2020-03-05,232.44000244140625,71.08554077148438
2020-03-06,226.39999389648438,70.1415023803711
2020-03-09,206.47000122070312,64.59387969970703
2020-03-10,218.32000732421875,69.24601745605469
2020-03-11,202.7100067138672,66.84107971191406
2020-03-12,163.44000244140625,60.2402229309082
2020-03-13,192.0,67.45748901367188
2020-03-16,160.1300048828125,58.7792854309082
2020-03-17,184.0800018310547,61.36381912231445
2020-03-18,167.77000427246094,59.861637115478516
2020-03-19,165.25999450683594,59.40298080444336
2020-03-20,168.07000732421875,55.63174057006836
2020-03-23,168.00999450683594,54.44988250732422
2020-03-24,178.30999755859375,59.912601470947266
2020-03-25,175.0500030517578,59.582557678222656
2020-03-26,185.47000122070312,62.71796798706055
2020-03-27,175.22000122070312,60.12130355834961
2020-03-30,188.22000122070312,61.8370361328125
2020-03-31,185.66000366210938,61.710845947265625
2020-04-01,176.16000366210938,58.46381378173828
2020-04-02,172.02000427246094,59.43935775756836
2020-04-03,161.57000732421875,58.58513641357422
2020-04-06,184.42999267578125,63.695953369140625
2020-04-07,184.97999572753906,62.95821762084961
2020-04-08,187.86000061035156,64.5696029663086
2020-04-09,192.2899932861328,65.0355453491211
2020-04-13,197.13999938964844,66.3120346069336
2020-04-14,200.6199951171875,69.66100311279297
2020-04-15,206.52999877929688,69.02518463134766
2020-04-16,199.1300048828125,69.57364654541016
2020-04-17,209.94000244140625,68.6296157836914
2020-04-20,206.66000366210938,67.20509338378906
2020-04-21,193.97999572753906,65.12776947021484
2020-04-22,200.80999755859375,67.0036849975586
2020-04-23,204.75,66.7440185546875
2020-04-24,203.02999877929688,68.67088317871094
2020-04-27,205.77999877929688,68.71941375732422
2020-04-28,208.5500030517578,67.60552978515625
2020-04-29,223.42999267578125,69.82603454589844
2020-04-30,220.88999938964844,71.29911041259766
2020-05-01,216.3300018310547,70.15121459960938
2020-05-04,216.2100067138672,71.14376831054688
2020-05-05,221.88999938964844,72.21156311035156
2020-05-06,222.97000122070312,72.95660400390625
2020-05-07,227.00999450683594,73.7113037109375
2020-05-08,223.3000030517578,75.46578979492188
2020-05-11,228.02999877929688,76.65325927734375
2020-05-12,221.25999450683594,75.77725219726562
2020-05-13,212.02000427246094,74.8623046875
2020-05-14,209.02999877929688,75.32222747802734
2020-05-15,216.97000122070312,74.87689208984375
2020-05-18,221.92999267578125,76.6410903930664
2020-05-19,218.63999938964844,76.19823455810547
2020-05-20,223.9600067138672,77.68014526367188
2020-05-21,223.86000061035156,77.10099792480469
2020-05-22,223.4499969482422,77.59739685058594
2020-05-26,223.92999267578125,77.07177734375
2020-05-27,223.92999267578125,77.40760040283203
2020-05-28,228.07000732421875,77.441650390625
2020-05-29,230.63999938964844,77.36622619628906
2020-06-01,233.86000061035156,78.31768035888672
2020-06-02,232.6300048828125,78.68024444580078
2020-06-03,228.91000366210938,79.11337280273438
2020-06-04,224.38999938964844,78.43205261230469
2020-06-05,238.0500030517578,80.66586303710938
2020-06-08,237.97999572753906,81.1427993774414
2020-06-09,235.0,83.70511627197266
2020-06-10,239.8000030517578,85.85865783691406
2020-06-11,232.14999389648438,81.73654174804688
2020-06-12,235.0,82.44220733642578
2020-06-15,234.5500030517578,83.4617919921875
2020-06-16,235.8300018310547,85.67372131347656
2020-06-17,242.2100067138672,85.5544662475586
2020-06-18,242.17999267578125,85.58856964111328
2020-06-19,252.32000732421875,85.09945678710938
2020-06-22,251.14999389648438,87.32598876953125
2020-06-23,253.67999267578125,89.18993377685547
2020-06-24,247.5,87.61554718017578
2020-06-25,250.99000549316406,88.77867889404297
2020-06-26,244.3800048828125,86.05088806152344
2020-06-29,246.08999633789062,88.03409576416016
2020-06-30,252.00999450683594,88.76897430419922
2020-07-01,252.9600067138672,88.60103607177734
2020-07-02,250.16000366210938,88.60103607177734
2020-07-06,253.1999969482422,90.97114562988281
2020-07-07,252.25,90.68888854980469
2020-07-08,255.66000366210938,92.80101776123047
2020-07-09,262.1000061035156,93.20010375976562
2020-07-10,261.1400146484375,93.36314392089844
2020-07-13,252.5399932861328,92.93243408203125
2020-07-14,253.61000061035156,94.4703140258789
2020-07-15,260.07000732421875,95.1200180053711
2020-07-16,258.2200012207031,93.9495849609375
2020-07-17,264.69000244140625,93.75978088378906
2020-07-20,278.8599853515625,95.73566436767578
2020-07-21,278.5199890136719,94.41435241699219
2020-07-22,278.1300048828125,94.67957305908203
2020-07-23,278.2200012207031,90.37010955810547
2020-07-24,274.1000061035156,90.14623260498047
2020-07-27,280.04998779296875,92.28274536132812
2020-07-28,276.92999267578125,90.7667236328125
2020-07-29,284.510009765625,92.506591796875
2020-07-30,287.04998779296875,93.62593841552734
2020-07-31,290.0799865722656,103.4275131225586
2020-08-03,291.75,106.03365325927734
2020-08-04,291.4700012207031,106.74175262451172
2020-08-05,294.1099853515625,107.12865447998047
2020-08-06,297.4800109863281,110.86629486083984
2020-08-07,298.0,108.34566497802734
2020-08-10,298.7300109863281,109.92044067382812
2020-08-11,295.94000244140625,106.65142059326172
2020-08-12,312.20001220703125,110.1959228515625
2020-08-13,308.7200012207031,112.1461181640625
2020-08-14,307.9700012207031,112.0461654663086
2020-08-17,308.3800048828125,111.7536392211914
2020-08-18,304.04998779296875,112.68485260009766
2020-08-19,303.760009765625,112.82624816894531
2020-08-20,302.7900085449219,115.32979583740234
2020-08-21,308.55999755859375,121.27302551269531
2020-08-24,313.42999267578125,122.7234878540039
2020-08-25,319.29998779296875,121.71670532226562
2020-08-26,323.010009765625,123.37194061279297
2020-08-27,323.7300109863281,121.8970947265625
2020-08-28,326.2799987792969,121.69963836669922
2020-08-31,327.1000061035156,125.82674407958984
2020-09-01,334.7799987792969,130.83877563476562
2020-09-02,337.739990234375,128.12796020507812
2020-09-03,324.5,117.86994171142578
2020-09-04,316.29998779296875,117.94794464111328
2020-09-08,309.3500061035156,110.01063537597656
2020-09-09,318.9200134277344,114.39857482910156
2020-09-10,318.4700012207031,110.66397094726562
2020-09-11,314.95001220703125,109.21106719970703
2020-09-14,324.6199951171875,112.4874038696289
2020-09-15,334.9200134277344,112.66291046142578
2020-09-16,329.7099914550781,109.33782196044922
2020-09-17,322.20001220703125,107.59239959716797
2020-09-18,316.19000244140625,104.17955017089844
2020-09-21,314.29998779296875,107.3388900756836
2020-09-22,321.7300109863281,109.02578735351562
2020-09-23,314.75,104.45258331298828
2020-09-24,314.9800109863281,105.52519989013672
2020-09-25,322.95001220703125,109.48410034179688
2020-09-28,328.9599914550781,112.09735107421875
2020-09-29,325.55999755859375,111.24901580810547
2020-09-30,323.2799987792969,112.92618560791016
2020-10-01,334.1199951171875,113.88177490234375
2020-10-02,326.9200134277344,110.20565795898438
2020-10-05,333.7799987792969,113.59901428222656
2020-10-06,335.3399963378906,110.34219360351562
2020-10-07,344.32000732421875,112.21435546875
2020-10-08,334.6400146484375,112.10711669921875
2020-10-09,337.25,114.05728912353516
2020-10-12,345.0799865722656,121.30227661132812
2020-10-13,348.760009765625,118.08444213867188
2020-10-14,346.8900146484375,118.17220306396484
2020-10-15,349.0400085449219,117.70417022705078
2020-10-16,350.57000732421875,116.0562515258789
2020-10-19,342.5799865722656,113.09196472167969
2020-10-20,345.6600036621094,114.58384704589844
2020-10-21,347.3599853515625,113.95980072021484
2020-10-22,337.260009765625,112.86768341064453
2020-10-23,339.04998779296875,112.17536926269531
2020-10-26,328.44000244140625,112.18509674072266
2020-10-27,326.7799987792969,113.69650268554688
2020-10-28,315.6700134277344,108.43098449707031
2020-10-29,317.0199890136719,112.44837951660156
2020-10-30,308.95001220703125,106.14925384521484
2020-11-02,313.70001220703125,106.06148529052734
2020-11-03,314.1199951171875,107.6899185180664
2020-11-04,328.8599853515625,112.08759307861328
2020-11-05,346.6300048828125,116.06600189208984
2020-11-06,342.2300109863281,115.93415832519531
2020-11-09,318.5400085449219,113.61917877197266
2020-11-10,312.6000061035156,113.27728271484375
2020-11-11,326.9700012207031,116.71556091308594
2020-11-12,332.7300109863281,116.44206237792969
2020-11-13,333.3800048828125,116.49092102050781
2020-11-16,322.82000732421875,117.50674438476562
2020-11-17,331.6199951171875,116.61791229248047
2020-11-18,327.92999267578125,115.28946685791016
2020-11-19,334.5799865722656,115.88529968261719
2020-11-20,341.010009765625,114.615478515625
2020-11-23,335.69000244140625,111.2065200805664
2020-11-24,315.4599914550781,112.49585723876953
2020-11-25,318.6499938964844,113.33590698242188
2020-11-27,325.95001220703125,113.88289642333984
2020-11-30,322.3299865722656,116.28578186035156
2020-12-01,328.82000732421875,119.87057495117188
2020-12-02,323.5899963378906,120.22221374511719
2020-12-03,319.69000244140625,120.08546447753906
2020-12-04,324.92999267578125,119.41148376464844
2020-12-07,323.0799865722656,120.87664794921875
2020-12-08,329.4599914550781,121.49200439453125
2020-12-09,320.5799865722656,118.952392578125
2020-12-10,322.760009765625,120.37848663330078
2020-12-11,321.20001220703125,119.56777954101562
2020-12-14,325.2200012207031,118.952392578125
2020-12-15,325.92999267578125,124.91075134277344
2020-12-16,334.0400085449219,124.84239959716797
2020-12-17,344.20001220703125,125.71170806884766
2020-12-18,346.5299987792969,123.7190933227539
2020-12-21,340.6300048828125,125.25263214111328
2020-12-22,355.4599914550781,128.81785583496094
2020-12-23,352.8599853515625,127.91925048828125
2020-12-24,356.3399963378906,128.90579223632812
2020-12-28,353.6300048828125,133.5161895751953
2020-12-29,351.75,131.7384490966797
2020-12-30,358.4800109863281,130.6151580810547
2020-12-31,358.3500061035156,129.60910034179688
2021-01-04,348.05999755859375,126.40523529052734
2021-01-05,345.70001220703125,127.96806335449219
2021-01-06,329.6600036621094,123.66046142578125
2021-01-07,338.4800109863281,127.88018798828125
2021-01-08,342.3699951171875,128.9839630126953
2021-01-11,342.8399963378906,125.98519134521484
2021-01-12,331.7300109863281,125.80940246582031
2021-01-13,333.5400085449219,127.85089111328125
2021-01-14,340.6499938964844,125.91686248779297
2021-01-15,348.010009765625,124.18793487548828
2021-01-19,351.4100036621094,124.86190795898438
2021-01-20,363.8999938964844,128.9644012451172
2021-01-21,363.260009765625,133.6920166015625
2021-01-22,359.69000244140625,135.8409423828125
2021-01-25,354.1499938964844,139.6015167236328
2021-01-26,350.75,139.83599853515625
2021-01-27,339.6199951171875,138.7615509033203
2021-01-28,348.9700012207031,133.9069366455078
2021-01-29,344.42999267578125,128.8960418701172
2021-02-01,356.70001220703125,131.02542114257812
2021-02-02,370.92999267578125,131.85565185546875
2021-02-03,372.7799987792969,130.830078125
2021-02-04,373.0899963378906,134.19998168945312
2021-02-05,377.42999267578125,133.78416442871094
2021-02-08,390.3299865722656,133.9309539794922
2021-02-09,394.4599914550781,133.05050659179688
2021-02-10,387.3299865722656,132.44400024414062
2021-02-11,392.8900146484375,132.1896514892578
2021-02-12,400.2699890136719,132.4244384765625
2021-02-16,394.4800109863281,130.29190063476562
2021-02-17,391.70001220703125,127.99300384521484
2021-02-18,378.4599914550781,126.88758850097656
2021-02-19,376.0,127.04409790039062
2021-02-22,364.8900146484375,123.25833129882812
2021-02-23,371.6300048828125,123.12136840820312
2021-02-24,369.260009765625,122.62247467041016
2021-02-25,364.17999267578125,118.35733032226562
2021-02-26,373.6099853515625,118.6214599609375
2021-03-01,384.6499938964844,125.00936126708984
2021-03-02,387.2900085449219,122.39749145507812
2021-03-03,378.7900085449219,119.404052734375
2021-03-04,359.5,117.51605224609375
2021-03-05,358.54998779296875,118.77798461914062
2021-03-08,339.1199951171875,113.82809448242188
2021-03-09,351.45001220703125,118.45514678955078
2021-03-10,353.239990234375,117.36930847167969
2021-03-11,366.0199890136719,119.30621337890625
2021-03-12,364.1499938964844,118.3964614868164
2021-03-15,372.57000732421875,121.29205322265625
2021-03-16,371.67999267578125,122.8376693725586
2021-03-17,373.8800048828125,122.04530334472656
2021-03-18,368.9100036621094,117.90735626220703
2021-03-19,379.6000061035156,117.37908172607422
2021-03-22,380.45001220703125,120.70510864257812
2021-03-23,373.8299865722656,119.87361907958984
2021-03-24,368.510009765625,117.4769287109375
2021-03-25,368.010009765625,117.96603393554688
2021-03-26,387.739990234375,118.57254791259766
2021-03-29,378.0799865722656,118.7486343383789
2021-03-30,383.510009765625,117.29107666015625
2021-03-31,396.69000244140625,119.49210357666016
2021-04-01,399.989990234375,120.32359313964844
2021-04-05,409.30999755859375,123.16050720214844
2021-04-06,411.010009765625,123.46375274658203
2021-04-07,410.3599853515625,125.11697387695312
2021-04-08,420.54998779296875,127.5234603881836
2021-04-09,423.05999755859375,130.10601806640625
2021-04-12,424.6700134277344,128.38430786132812
2021-04-13,432.4800109863281,131.5048828125
2021-04-14,430.3999938964844,129.1571044921875
2021-04-15,448.6700134277344,131.5733642578125
2021-04-16,446.0400085449219,131.2407989501953
2021-04-19,446.94000244140625,131.90599060058594
2021-04-20,446.9200134277344,130.21360778808594
2021-04-21,448.8299865722656,130.5950927734375
2021-04-22,448.5199890136719,129.06907653808594
2021-04-23,458.1499938964844,131.39727783203125
2021-04-26,458.8299865722656,131.78858947753906
2021-04-27,458.8399963378906,131.46572875976562
2021-04-28,459.7300109863281,130.6733856201172
2021-04-29,459.0,130.57553100585938
2021-04-30,457.75,128.59950256347656
2021-05-03,459.5799865722656,129.656005859375
2021-05-04,458.5199890136719,125.06806945800781
2021-05-05,461.2799987792969,125.31263732910156
2021-05-06,458.3800048828125,126.91695404052734
2021-05-07,460.20001220703125,127.59307861328125
2021-05-10,460.010009765625,124.30060577392578
2021-05-11,454.0899963378906,123.37950134277344
2021-05-12,441.1600036621094,120.30260467529297
2021-05-13,446.8900146484375,122.4583969116211
2021-05-14,451.55999755859375,124.88854217529297
2021-05-17,447.739990234375,123.73225402832031
2021-05-18,446.4800109863281,122.34078979492188
2021-05-19,451.239990234375,122.18402099609375
2021-05-20,472.260009765625,124.7513656616211
2021-05-21,477.2200012207031,122.90914154052734
2021-05-24,484.4200134277344,124.54557800292969
2021-05-25,479.2699890136719,124.3495864868164
2021-05-26,477.8399963378906,124.30060577392578
2021-05-27,471.8299865722656,122.76215362548828
2021-05-28,477.6000061035156,122.10562896728516
2021-06-01,478.5899963378906,121.78226470947266
2021-06-02,481.1600036621094,122.54657745361328
2021-06-03,474.989990234375,121.05712127685547
2021-06-04,482.29998779296875,123.35990142822266
2021-06-07,487.6700134277344,123.36970520019531
2021-06-08,489.1700134277344,124.19281005859375
2021-06-09,492.9800109863281,124.57498168945312
2021-06-10,505.6300048828125,123.57547760009766
2021-06-11,508.4599914550781,124.79054260253906
2021-06-14,508.2099914550781,127.85762023925781
2021-06-15,500.79998779296875,127.03450775146484
2021-06-16,503.8699951171875,127.5342788696289
2021-06-17,514.5999755859375,129.14134216308594
2021-06-18,510.5199890136719,127.83805847167969
2021-06-21,518.5399780273438,129.64105224609375
2021-06-22,519.1599731445312,131.28729248046875
2021-06-23,515.8800048828125,131.01292419433594
2021-06-24,518.530029296875,130.72874450683594
2021-06-25,523.1500244140625,130.43478393554688
2021-06-28,521.0599975585938,132.07125854492188
2021-06-29,519.2100219726562,133.59010314941406
2021-06-30,510.9599914550781,134.20741271972656
2021-07-01,510.239990234375,134.5111846923828
2021-07-02,516.280029296875,137.1470947265625
2021-07-06,519.760009765625,139.1656951904297
2021-07-07,527.0499877929688,141.66448974609375
2021-07-08,515.2000122070312,140.3612060546875
2021-07-09,527.8200073242188,142.1936492919922
2021-07-12,534.5900268554688,141.59588623046875
2021-07-13,536.2899780273438,142.71299743652344
2021-07-14,541.9299926757812,146.15243530273438
2021-07-15,538.3499755859375,145.4958953857422
2021-07-16,527.7100219726562,143.44789123535156
2021-07-19,534.5399780273438,139.58709716796875
2021-07-20,545.1500244140625,143.2126922607422
2021-07-21,548.239990234375,142.477783203125
2021-07-22,552.2999877929688,143.84967041015625
2021-07-23,557.3599853515625,145.5742645263672
2021-07-26,553.6900024414062,145.99560546875
2021-07-27,553.8499755859375,143.8202667236328
2021-07-28,552.9600219726562,142.06622314453125
2021-07-29,556.1400146484375,142.71299743652344
2021-07-30,559.7999877929688,142.92852783203125
2021-08-02,558.4000244140625,142.59535217285156
2021-08-03,571.2100219726562,144.39840698242188
2021-08-04,569.0800170898438,143.9966278076172
2021-08-05,589.6599731445312,144.1044158935547
2021-08-06,598.02001953125,143.41748046875
2021-08-09,608.75,143.368408203125
2021-08-10,604.219970703125,142.88754272460938
2021-08-11,600.0,143.14268493652344
2021-08-12,602.0,146.11622619628906
2021-08-13,607.8499755859375,146.3223419189453
2021-08-16,618.969970703125,148.3046875
2021-08-17,620.3300170898438,147.3920135498047
2021-08-18,622.0,143.6333770751953
2021-08-19,619.5599975585938,143.96702575683594
2021-08-20,630.1099853515625,145.42930603027344
2021-08-23,626.6300048828125,146.9209747314453
2021-08-24,633.3200073242188,146.8326416015625
2021-08-25,620.0,145.5961151123047
2021-08-26,622.3400268554688,144.7913818359375
2021-08-27,629.0999755859375,145.8316650390625
2021-08-30,636.2999877929688,150.26742553710938
2021-08-31,632.8099975585938,149.00146484375
2021-09-01,631.25,149.66879272460938
2021-09-02,633.1199951171875,150.7875518798828
2021-09-03,643.3900146484375,151.42544555664062
2021-09-07,627.1199951171875,153.7709197998047
2021-09-08,629.3200073242188,152.22036743164062
2021-09-09,626.8900146484375,151.19970703125
2021-09-10,627.010009765625,146.19473266601562
2021-09-13,617.6599731445312,146.76393127441406
2021-09-14,622.7100219726562,145.36058044433594
2021-09-15,623.8200073242188,146.2536163330078
2021-09-16,627.3699951171875,146.01808166503906
2021-09-17,613.9500122070312,143.33895874023438
2021-09-20,605.2899780273438,140.27708435058594
2021-09-21,614.010009765625,140.75794982910156
2021-09-22,621.030029296875,143.13290405273438
2021-09-23,629.530029296875,144.09461975097656
2021-09-24,629.469970703125,144.18295288085938
2021-09-27,597.6300048828125,142.6618194580078
2021-09-28,568.5499877929688,139.26626586914062
2021-09-29,570.25,140.1691436767578
2021-09-30,570.47998046875,138.8638916015625
2021-10-01,575.4400024414062,139.9924774169922
2021-10-04,564.0700073242188,136.54786682128906
2021-10-05,577.6500244140625,138.48118591308594
2021-10-06,582.1699829101562,139.35459899902344
2021-10-07,594.8900146484375,140.62054443359375
2021-10-08,586.719970703125,140.23782348632812
2021-10-11,576.489990234375,140.14952087402344
2021-10-12,582.5599975585938,138.8737335205078
2021-10-13,596.5700073242188,138.284912109375
2021-10-14,610.8400268554688,141.08181762695312
2021-10-15,618.989990234375,142.14170837402344
2021-10-18,632.7899780273438,143.81983947753906
2021-10-19,634.1599731445312,145.98867797851562
2021-10-20,627.9000244140625,146.47935485839844
2021-10-21,642.6699829101562,146.69525146484375
2021-10-22,648.4099731445312,145.91995239257812
2021-10-25,652.260009765625,145.8708953857422
2021-10-26,653.489990234375,146.5382080078125
2021-10-27,652.3599853515625,146.07699584960938
2021-10-28,670.530029296875,149.7276611328125
2021-10-29,673.239990234375,147.00924682617188
2021-11-01,659.6500244140625,146.1849365234375
2021-11-02,674.3300170898438,147.22520446777344
2021-11-03,679.9500122070312,148.6678009033203
2021-11-04,716.260009765625,148.14767456054688
2021-11-05,705.0599975585938,148.67840576171875
2021-11-08,717.489990234375,147.8528289794922
2021-11-09,717.0800170898438,148.21646118164062
2021-11-10,674.6500244140625,145.37615966796875
2021-11-11,668.1500244140625,145.3270263671875
2021-11-12,671.3599853515625,147.4105682373047
2021-11-15,660.6799926757812,147.42039489746094
2021-11-16,671.010009765625,148.40321350097656
2021-11-17,665.72998046875,150.8504180908203
2021-11-18,663.9400024414062,155.1550750732422
2021-11-19,663.8400268554688,157.78897094726562
2021-11-22,614.1599731445312,158.25088500976562
2021-11-23,602.9400024414062,158.63421630859375
2021-11-24,620.27001953125,159.15509033203125
2021-11-26,609.0,154.11328125
2021-11-29,634.1699829101562,157.4842987060547
2021-11-30,608.5499877929688,162.45730590820312
2021-12-01,595.010009765625,161.9364013671875
2021-12-02,619.8400268554688,160.94378662109375
2021-12-03,596.6900024414062,159.05677795410156
2021-12-06,572.7999877929688,162.4769287109375
2021-12-07,595.0,168.23614501953125
2021-12-08,700.1400146484375,172.06910705566406
2021-12-09,700.010009765625,171.55804443359375
2021-12-10,697.1199951171875,176.3639678955078
2021-12-13,685.0,172.7177276611328
2021-12-14,663.1300048828125,171.33197021484375
2021-12-15,649.02001953125,176.21652221679688
2021-12-16,635.72998046875,169.297607421875
2021-12-17,636.3300170898438,168.19686889648438
2021-12-20,623.030029296875,166.83074951171875
2021-12-21,648.989990234375,170.01504516601562
2021-12-22,660.52001953125,172.6194610595703
2021-12-23,663.0800170898438,173.2484893798828
2021-12-27,697.0,177.2288360595703
2021-12-28,682.2000122070312,176.20669555664062
2021-12-29,677.8400268554688,176.29513549804688
2021-12-30,673.1400146484375,175.1354217529297
2021-12-31,668.4500122070312,174.5162811279297
2022-01-03,642.2000122070312,178.87989807128906
2022-01-04,618.7100219726562,176.60963439941406
2022-01-05,587.7999877929688,171.911865234375
2022-01-06,579.0499877929688,169.04205322265625
2022-01-07,556.6799926757812,169.2091522216797
2022-01-10,545.8499755859375,169.2288055419922
2022-01-11,559.4000244140625,172.06910705566406
2022-01-12,571.1099853515625,172.5113525390625
2022-01-13,540.6199951171875,169.2288055419922
2022-01-14,543.0599975585938,170.09365844726562
2022-01-18,505.95001220703125,166.8798828125
2022-01-19,493.9800109863281,163.3712921142578
2022-01-20,486.07000732421875,161.68084716796875
2022-01-21,464.7099914550781,159.61697387695312
2022-01-24,468.4100036621094,158.84056091308594
2022-01-25,445.9100036621094,157.0322265625
2022-01-26,435.54998779296875,156.9437713623047
2022-01-27,433.4100036621094,156.48182678222656
2022-01-28,451.1000061035156,167.40077209472656
2022-01-31,476.1400146484375,171.77426147460938
2022-02-01,484.3599853515625,171.60720825195312
2022-02-02,474.95001220703125,172.8159942626953
2022-02-03,443.5199890136719,169.92657470703125
2022-02-04,453.67999267578125,169.64120483398438
2022-02-07,448.0899963378906,168.9228515625
2022-02-08,456.0400085449219,172.0423126220703
2022-02-09,478.510009765625,173.46920776367188
2022-02-10,470.4200134277344,169.37548828125
2022-02-11,426.1400146484375,165.95098876953125
2022-02-14,427.95001220703125,166.18716430664062
2022-02-15,462.5400085449219,170.03482055664062
2022-02-16,450.3900146484375,169.7986602783203
2022-02-17,440.989990234375,166.18716430664062
2022-02-18,443.2300109863281,164.63235473632812
2022-02-22,427.739990234375,161.69992065429688
2022-02-23,418.2300109863281,157.5176544189453
2022-02-24,382.2799987792969,160.1450653076172
2022-02-25,382.42999267578125,162.22145080566406
2022-02-28,207.75,162.4871368408203
2022-03-01,211.2100067138672,160.59776306152344
2022-03-02,245.1699981689453,163.9041748046875
2022-03-03,212.97999572753906,163.57943725585938
2022-03-04,198.52000427246094,160.5682373046875
2022-03-07,174.8000030517578,156.7599334716797
2022-03-08,186.75,154.9296112060547
2022-03-09,198.41000366210938,160.3517303466797
2022-03-10,188.75999450683594,155.9923858642578
2022-03-11,200.13999938964844,152.2627716064453
2022-03-14,220.0,148.21832275390625
2022-03-15,225.0399932861328,152.6170654296875
2022-03-16,281.7200012207031,157.04531860351562
2022-03-17,273.19000244140625,158.05886840820312
2022-03-18,294.4700012207031,161.36529541015625
2022-03-21,284.04998779296875,162.74298095703125
2022-03-22,303.5400085449219,166.12815856933594
2022-03-23,306.6499938964844,167.4959716796875
2022-03-24,288.04998779296875,171.29444885253906
2022-03-25,266.75,171.93406677246094
2022-03-28,275.19000244140625,172.80003356933594
2022-03-29,307.04998779296875,176.1064453125
2022-03-30,293.0,174.93545532226562
2022-03-31,296.6099853515625,171.82582092285156
2022-04-01,287.0400085449219,171.53060913085938
2022-04-04,297.94000244140625,175.59475708007812
2022-04-05,282.3900146484375,172.26861572265625
2022-04-06,275.4700012207031,169.0901641845703
2022-04-07,280.2900085449219,169.3951873779297
2022-04-08,308.69000244140625,167.37789916992188
2022-04-11,305.3699951171875,163.10707092285156
2022-04-12,298.1300048828125,164.9866180419922
2022-04-13,307.989990234375,167.68292236328125
2022-04-14,290.05999755859375,162.65443420410156
2022-04-18,281.20001220703125,162.4379119873047
2022-04-19,297.9800109863281,164.7307586669922
2022-04-20,289.6099853515625,164.56346130371094
2022-04-21,286.8399963378906,163.7664031982422
2022-04-22,276.760009765625,159.21023559570312
2022-04-25,280.07000732421875,160.28285217285156
2022-04-26,264.9800109863281,154.29978942871094
2022-04-27,266.82000732421875,154.0734405517578
2022-04-28,281.0,161.03074645996094
2022-04-29,264.989990234375,155.13623046875
2022-05-02,288.5,155.4413299560547
2022-05-03,297.0,156.9370574951172
2022-05-04,312.6000061035156,163.37277221679688
2022-05-05,346.0,154.270263671875
2022-05-06,347.0,154.99954223632812
2022-05-09,317.8900146484375,149.855224609375
2022-05-10,319.6199951171875,152.2696990966797
2022-05-11,296.05999755859375,144.37582397460938
2022-05-12,294.5,140.4929962158203
2022-05-13,319.25,144.9770050048828
2022-05-16,310.79998779296875,143.42974853515625
2022-05-17,312.6700134277344,147.07611083984375
2022-05-18,313.0,138.77821350097656
2022-05-19,326.9800109863281,135.35853576660156
2022-05-20,320.3900146484375,135.59506225585938
2022-05-23,314.6600036621094,141.03500366210938
2022-05-24,308.8699951171875,138.3248748779297
2022-05-25,305.4800109863281,138.48255920410156
2022-05-26,322.8599853515625,141.69529724121094
2022-05-27,340.3500061035156,147.47030639648438
2022-05-31,338.5199890136719,146.68194580078125
2022-06-01,326.2799987792969,146.55380249023438
2022-06-02,347.739990234375,149.01754760742188
2022-06-03,332.3399963378906,143.27210998535156
2022-06-06,332.0899963378906,144.02105712890625
2022-06-07,341.6700134277344,146.55380249023438
2022-06-08,330.70001220703125,145.81466674804688
2022-06-09,316.6000061035156,140.5718231201172
2022-06-10,303.489990234375,135.14169311523438
2022-06-13,284.1099853515625,129.96783447265625
2022-06-14,278.3599853515625,130.83506774902344
2022-06-15,289.7699890136719,133.46636962890625
2022-06-16,286.1600036621094,128.17420959472656
2022-06-17,295.67999267578125,129.6524658203125
2022-06-21,300.29998779296875,133.8999786376953
2022-06-22,309.44000244140625,133.3875274658203
2022-06-23,327.7200012207031,136.26516723632812
2022-06-24,326.010009765625,139.6060333251953
2022-06-27,324.80999755859375,139.6060333251953
2022-06-28,311.510009765625,135.4472198486328
2022-06-29,307.3699951171875,137.2112579345703
2022-06-30,294.7799987792969,134.73765563964844
2022-07-01,302.1199951171875,136.91558837890625
2022-07-05,310.6400146484375,139.50747680664062
2022-07-06,311.94000244140625,140.84776306152344
2022-07-07,329.1099853515625,144.22802734375
2022-07-08,321.0199890136719,144.90802001953125
2022-07-11,317.1400146484375,142.76947021484375
2022-07-12,304.75,143.7451171875
2022-07-13,302.3900146484375,143.38050842285156
2022-07-14,298.0299987792969,146.3172607421875
2022-07-15,302.55999755859375,147.99261474609375
2022-07-18,305.8599853515625,144.93759155273438
2022-07-19,323.4200134277344,148.81060791015625
2022-07-20,317.54998779296875,150.8209991455078
2022-07-21,330.9200134277344,153.09754943847656
2022-07-22,323.29998779296875,151.85581970214844
2022-07-25,320.1700134277344,150.73231506347656
2022-07-26,313.2099914550781,149.4019012451172
2022-07-27,325.6300048828125,154.5166473388672
2022-07-28,342.7900085449219,155.0685577392578
2022-07-29,349.25,160.1537322998047
2022-08-01,366.4200134277344,159.16818237304688
2022-08-02,364.3299865722656,157.68994140625
2022-08-03,370.0299987792969,163.72125244140625
2022-08-04,415.3900146484375,163.40586853027344
2022-08-05,427.3900146484375,163.1789093017578
2022-08-08,427.6400146484375,162.70518493652344
2022-08-09,419.5199890136719,162.7545166015625
2022-08-10,440.9200134277344,167.017822265625
2022-08-11,435.6099853515625,166.2776641845703
2022-08-12,444.9100036621094,169.84027099609375
2022-08-15,448.5299987792969,170.9159698486328
2022-08-16,447.5,170.75804138183594
2022-08-17,457.95001220703125,172.25808715820312
2022-08-18,449.20001220703125,171.86334228515625
2022-08-19,442.54998779296875,169.26788330078125
2022-08-22,441.1700134277344,165.36973571777344
2022-08-23,434.70001220703125,165.0341796875
2022-08-24,434.5799865722656,165.3302764892578
2022-08-25,446.1099853515625,167.79742431640625
2022-08-26,422.57000732421875,161.4716033935547
2022-08-29,416.0,159.26101684570312
2022-08-30,424.7099914550781,156.82347106933594
2022-08-31,426.5,155.1556396484375
2022-09-01,412.2099914550781,155.8859405517578
2022-09-02,412.1400146484375,153.76412963867188
2022-09-06,410.8299865722656,152.5009307861328
2022-09-07,417.2900085449219,153.91220092773438
2022-09-08,428.6700134277344,152.431884765625
2022-09-09,432.44000244140625,155.3036651611328
2022-09-12,438.70001220703125,161.28407287597656
2022-09-13,421.3999938964844,151.8200225830078
2022-09-14,424.4200134277344,153.2707061767578
2022-09-15,413.010009765625,150.3693084716797
2022-09-16,402.07000732421875,148.72125244140625
2022-09-19,402.7900085449219,152.4515838623047
2022-09-20,386.9100036621094,154.8397979736328
2022-09-21,385.2900085449219,151.70156860351562
2022-09-22,367.05999755859375,150.73446655273438
2022-09-23,364.1199951171875,148.4547882080078
2022-09-26,355.3299865722656,148.7903289794922
2022-09-27,358.3999938964844,149.767333984375
2022-09-28,370.5299987792969,147.8725128173828
2022-09-29,362.1400146484375,140.60916137695312
2022-09-30,362.19000244140625,136.3853759765625
2022-10-03,363.5799865722656,140.57955932617188
2022-10-04,388.760009765625,144.18165588378906
2022-10-05,371.1700134277344,144.4777069091797
2022-10-06,356.30999755859375,143.52041625976562
2022-10-07,340.0,138.2505645751953
2022-10-10,325.4200134277344,138.5762176513672
2022-10-11,320.04998779296875,137.15512084960938
2022-10-12,314.8699951171875,136.5235137939453
2022-10-13,330.1700134277344,141.11248779296875
2022-10-14,326.94000244140625,136.56298828125
2022-10-17,333.489990234375,140.5401153564453
2022-10-18,339.9700012207031,141.8625030517578
2022-10-19,331.6499938964844,141.9710693359375
2022-10-20,332.5400085449219,141.5072021484375
2022-10-21,331.3900146484375,145.33627319335938
2022-10-24,332.07000732421875,147.48768615722656
2022-10-25,348.1300048828125,150.3397216796875
2022-10-26,345.510009765625,147.3889923095703
2022-10-27,344.8299865722656,142.8987274169922
2022-10-28,349.19000244140625,153.695068359375
2022-10-31,350.0,151.3265838623047
2022-11-01,342.239990234375,148.67190551757812
2022-11-02,326.9200134277344,143.12567138671875
2022-11-03,301.010009765625,137.0564727783203
2022-11-04,312.5199890136719,136.78955078125
2022-11-07,316.010009765625,137.32334899902344
2022-11-08,319.7200012207031,137.89669799804688
2022-11-09,307.2900085449219,133.3199005126953
2022-11-10,350.45001220703125,145.18197631835938
2022-11-11,360.2300109863281,147.9794464111328
2022-11-14,358.1000061035156,146.57574462890625
2022-11-15,352.1300048828125,148.3155517578125
2022-11-16,349.55999755859375,147.0799102783203
2022-11-17,339.20001220703125,148.98773193359375
2022-11-18,341.4599914550781,149.55116271972656
2022-11-21,335.3500061035156,146.30886840820312
2022-11-22,341.2900085449219,148.45391845703125
2022-11-23,348.8599853515625,149.33370971679688
2022-11-25,349.1499938964844,146.40769958496094
2022-11-28,350.1600036621094,142.5624237060547
2022-11-29,343.94000244140625,139.5474853515625
2022-11-30,368.5799865722656,146.32862854003906
2022-12-01,369.6000061035156,146.6054229736328
2022-12-02,369.8399963378906,146.11117553710938
2022-12-05,347.5199890136719,144.94473266601562
2022-12-06,340.1499938964844,141.2675018310547
2022-12-07,338.9800109863281,139.32012939453125
2022-12-08,346.04998779296875,141.01046752929688
2022-12-09,343.8800048828125,140.526123046875
2022-12-12,345.8999938964844,142.82933044433594
2022-12-13,364.4200134277344,143.7980499267578
2022-12-14,354.8299865722656,141.56402587890625
2022-12-15,336.1099853515625,134.93115234375
2022-12-16,333.29998779296875,132.96400451660156
2022-12-19,328.57000732421875,130.84860229492188
2022-12-20,331.7200012207031,130.7794189453125
2022-12-21,338.989990234375,133.89321899414062
2022-12-22,323.239990234375,130.7102508544922
2022-12-23,323.6600036621094,130.34445190429688
2022-12-27,318.1199951171875,128.53550720214844
2022-12-28,316.6499938964844,124.59138488769531
2022-12-29,330.739990234375,128.120361328125
2022-12-30,327.739990234375,128.43667602539062
2023-01-03,331.4200134277344,123.63253021240234
2023-01-04,335.2200012207031,124.90769958496094
2023-01-05,313.4800109863281,123.58309936523438
2023-01-06,316.6700134277344,128.13021850585938
2023-01-09,324.9800109863281,128.65414428710938
2023-01-10,326.8800048828125,129.22744750976562
2023-01-11,336.6400146484375,131.9557647705078
2023-01-12,340.989990234375,131.87669372558594
2023-01-13,345.82000732421875,133.2111358642578
2023-01-17,357.6300048828125,134.3776092529297
2023-01-18,352.8999938964844,133.656005859375
2023-01-19,336.0,133.7152862548828
2023-01-20,345.0199890136719,136.28543090820312
2023-01-23,348.70001220703125,139.48817443847656
2023-01-24,331.95001220703125,140.891845703125
2023-01-25,329.0400085449219,140.2295684814453
2023-01-26,344.1700134277344,142.30545043945312
2023-01-27,341.42999267578125,144.25277709960938
2023-01-30,334.8900146484375,141.3564453125
2023-01-31,332.6499938964844,142.63162231445312
2023-02-01,352.7699890136719,143.75851440429688
2023-02-02,379.3399963378906,149.0865936279297
2023-02-03,375.8500061035156,152.72427368164062
2023-02-06,367.8599853515625,149.9861297607422
2023-02-07,372.3999938964844,152.87255859375
2023-02-08,375.4100036621094,150.17393493652344
2023-02-09,365.4599914550781,149.13597106933594
2023-02-10,356.489990234375,149.50230407714844
2023-02-13,358.5,152.31394958496094
2023-02-14,361.5,151.67042541503906
2023-02-15,366.5299987792969,153.7791748046875
2023-02-16,346.010009765625,152.17535400390625
2023-02-17,338.2099914550781,151.02694702148438
2023-02-21,323.1700134277344,146.99758911132812
2023-02-22,311.0799865722656,147.42327880859375
2023-02-23,311.739990234375,147.9083709716797
2023-02-24,306.0299987792969,145.2452392578125
2023-02-27,312.8599853515625,146.4431610107422
2023-02-28,307.6499938964844,145.93824768066406
2023-03-01,305.5899963378906,143.85922241210938
2023-03-02,304.25,144.4532470703125
2023-03-03,305.989990234375,149.5220947265625
2023-03-06,310.3399963378906,152.29417419433594
2023-03-07,305.3299865722656,150.08642578125
2023-03-08,306.6400146484375,151.34375
2023-03-09,296.1300048828125,149.08648681640625
2023-03-10,282.739990234375,147.01736450195312
2023-03-13,280.6700134277344,148.96771240234375
2023-03-14,285.5,151.0665283203125
2023-03-15,276.2699890136719,151.46253967285156
2023-03-16,279.92999267578125,154.2939910888672
2023-03-17,279.7900085449219,153.45248413085938
2023-03-20,275.0400085449219,155.82850646972656
2023-03-21,279.6600036621094,157.6897430419922
2023-03-22,275.1300048828125,156.25424194335938
2023-03-23,284.45001220703125,157.34323120117188
2023-03-24,278.5,158.65005493164062
2023-03-27,285.0,156.69970703125
2023-03-28,283.0,156.07601928710938
2023-03-29,285.760009765625,159.16488647460938
2023-03-30,293.69000244140625,160.73898315429688
2023-03-31,299.0,163.25360107421875
2023-04-03,297.2200012207031,164.5109405517578
2023-04-04,291.05999755859375,163.97634887695312
2023-04-05,282.5299987792969,162.12498474121094
2023-04-06,286.2799987792969,163.01602172851562
2023-04-10,290.92999267578125,160.41229248046875
2023-04-11,294.32000732421875,159.19459533691406
2023-04-12,289.989990234375,158.50157165527344
2023-04-13,300.010009765625,163.90704345703125
2023-04-14,296.0,163.56053161621094
2023-04-17,294.6499938964844,163.580322265625
2023-04-18,295.1499938964844,164.80795288085938
2023-04-19,288.8399963378906,165.9563751220703
2023-04-20,282.3299865722656,164.9861602783203
2023-04-21,280.7300109863281,163.3724365234375
2023-04-24,280.7900085449219,163.67930603027344
2023-04-25,273.9700012207031,162.13490295410156
2023-04-26,275.4100036621094,162.12498474121094
2023-04-27,279.25,166.72857666015625
2023-04-28,282.44000244140625,167.98590087890625
2023-05-01,279.010009765625,167.89678955078125
2023-05-02,270.6700134277344,166.8572998046875
2023-05-03,273.1300048828125,165.77816772460938
2023-05-04,270.4100036621094,164.13473510742188
2023-05-05,242.47000122070312,171.8370819091797
2023-05-08,231.82000732421875,171.7677764892578
2023-05-09,231.33999633789062,170.0550537109375
2023-05-10,232.1999969482422,171.82716369628906
2023-05-11,232.66000366210938,172.01527404785156
2023-05-12,229.6999969482422,171.08335876464844
2023-05-15,236.6999969482422,170.58766174316406
2023-05-16,230.5800018310547,170.58766174316406
2023-05-17,232.92999267578125,171.20233154296875
2023-05-18,238.1199951171875,173.54202270507812
2023-05-19,247.5,173.65106201171875
2023-05-22,263.6700134277344,172.69932556152344
2023-05-23,264.8399963378906,170.0820770263672
2023-05-24,253.07000732421875,170.3596649169922
2023-05-25,256.4700012207031,171.49972534179688
2023-05-26,258.0799865722656,173.91871643066406
2023-05-30,257.95001220703125,175.77261352539062
2023-05-31,256.6199951171875,175.72305297851562
2023-06-01,257.94000244140625,178.53858947753906
2023-06-02,259.6499938964844,179.39117431640625
2023-06-05,203.25,178.03297424316406
2023-06-06,208.77000427246094,177.66619873046875
2023-06-07,210.1199951171875,176.2881622314453
2023-06-08,211.22000122070312,179.0144500732422
2023-06-09,211.3300018310547,179.40109252929688
2023-06-12,218.0,182.2067108154297
2023-06-13,218.9499969482422,181.73085021972656
2023-06-14,222.52999877929688,182.36534118652344
2023-06-15,227.83999633789062,184.40757751464844
2023-06-16,219.50999450683594,183.3269805908203
2023-06-20,219.14999389648438,183.41619873046875
2023-06-21,215.6999969482422,182.375244140625
2023-06-22,218.35000610351562,185.38905334472656
2023-06-23,214.0,185.0718231201172
2023-06-26,220.35000610351562,183.67398071289062
2023-06-27,229.0800018310547,186.43991088867188
2023-06-28,227.85000610351562,187.61965942382812
2023-06-29,224.69000244140625,187.9567413330078
2023-06-30,224.75,192.29901123046875
2023-07-03,226.5800018310547,190.8020477294922
2023-07-05,232.7899932861328,189.68174743652344
2023-07-06,229.85000610351562,190.15760803222656
2023-07-07,229.1999969482422,189.03733825683594
2023-07-10,234.9499969482422,186.9851837158203
2023-07-11,232.3000030517578,186.4597625732422
2023-07-12,233.39999389648438,188.1352081298828
2023-07-13,244.61000061035156,188.89857482910156
2023-07-14,241.94000244140625,189.04727172851562
2023-07-17,242.88999938964844,192.31884765625
2023-07-18,245.7100067138672,192.06109619140625
2023-07-19,249.80999755859375,193.4192657470703
2023-07-20,239.00999450683594,191.4662628173828
2023-07-21,237.4600067138672,190.28652954101562
2023-07-24,235.2100067138672,191.0895233154297
2023-07-25,234.42999267578125,191.95201110839844
2023-07-26,232.5399932861328,192.82443237304688
2023-07-27,226.85000610351562,191.5554656982422
2023-07-28,230.89999389648438,194.14300537109375
2023-07-31,236.80999755859375,194.7576446533203
2023-08-01,239.47999572753906,193.9248809814453
2023-08-02,236.89999389648438,190.9209747314453
2023-08-03,245.02000427246094,189.52313232421875
2023-08-04,246.97000122070312,180.42222595214844
2023-08-07,246.83999633789062,177.30929565429688
2023-08-08,243.5500030517578,178.25108337402344
2023-08-09,239.52000427246094,176.65496826171875
2023-08-10,243.1699981689453,176.43682861328125
2023-08-11,238.74000549316406,176.4964141845703
2023-08-14,243.0,178.15428161621094
2023-08-15,241.9199981689453,176.1588592529297
2023-08-16,239.47000122070312,175.28529357910156
2023-08-17,233.6999969482422,172.73397827148438
2023-08-18,239.38999938964844,173.22042846679688
2023-08-21,240.44000244140625,174.56060791015625
2023-08-22,242.6199951171875,175.94049072265625
2023-08-23,248.8300018310547,179.80218505859375
2023-08-24,242.08999633789062,175.0966796875
2023-08-25,244.0800018310547,177.31044006347656
2023-08-28,245.3699951171875,178.87896728515625
2023-08-29,253.14999389648438,182.78036499023438
2023-08-30,255.3699951171875,186.28466796875
2023-08-31,258.989990234375,186.50306701660156
2023-09-01,258.54998779296875,188.08151245117188
2023-09-05,259.9200134277344,188.3197479248047
2023-09-06,261.739990234375,181.5791778564453
2023-09-07,263.20001220703125,176.26808166503906
2023-09-08,265.3500061035156,176.88356018066406
2023-09-11,266.4200134277344,178.05499267578125
2023-09-12,262.82000732421875,175.01727294921875
2023-09-13,262.30999755859375,172.9424591064453
2023-09-14,269.3800048828125,174.46133422851562
2023-09-15,263.6600036621094,173.7366180419922
2023-09-18,259.3699951171875,176.6750946044922
2023-09-19,263.1099853515625,177.76712036132812
2023-09-20,267.0,174.21315002441406
2023-09-21,260.2900085449219,172.6644744873047
2023-09-22,261.0,173.51824951171875
2023-09-25,265.1700134277344,174.79888916015625
2023-09-26,256.8599853515625,170.70883178710938
2023-09-27,256.79998779296875,169.18997192382812
2023-09-28,259.8500061035156,169.4480743408203
2023-09-29,255.69000244140625,169.9643096923828
2023-10-02,251.83999633789062,172.4857940673828
2023-10-03,240.52000427246094,171.14561462402344
2023-10-04,241.61000061035156,172.39646911621094
2023-10-05,238.00999450683594,173.6373748779297
2023-10-06,244.14999389648438,176.1986083984375
2023-10-09,247.22999572753906,177.68768310546875
2023-10-10,245.6199951171875,177.092041015625
2023-10-11,248.9199981689453,178.4917755126953
2023-10-12,237.5500030517578,179.39517211914062
2023-10-13,238.58999633789062,177.5487060546875
2023-10-16,245.1999969482422,177.41966247558594
2023-10-17,243.47000122070312,175.861083984375
2023-10-18,235.02000427246094,174.56060791015625
2023-10-19,230.72999572753906,174.18336486816406
2023-10-20,223.3300018310547,171.62216186523438
2023-10-23,222.3300018310547,171.7412567138672
2023-10-24,223.0,172.17807006835938
2023-10-25,214.5399932861328,169.85511779785156
2023-10-26,213.47000122070312,165.67568969726562
2023-10-27,210.44000244140625,166.9960479736328
2023-10-30,212.74000549316406,169.05096435546875
2023-10-31,217.57000732421875,169.52749633789062
2023-11-01,216.64999389648438,172.70420837402344
2023-11-02,232.30999755859375,176.27801513671875
2023-11-03,240.6999969482422,175.36471557617188
2023-11-06,244.89999389648438,177.92593383789062
2023-11-07,244.64999389648438,180.49710083007812
2023-11-08,246.94000244140625,181.55929565429688
2023-11-09,237.02000427246094,181.08277893066406
2023-11-10,235.36000061035156,185.2875518798828
2023-11-13,234.69000244140625,183.69711303710938
2023-11-14,247.6199951171875,186.32135009765625
2023-11-15,253.30999755859375,186.887939453125
2023-11-16,255.9499969482422,188.5778045654297
2023-11-17,258.239990234375,188.5579071044922
2023-11-20,260.30999755859375,190.30740356445312
2023-11-21,258.0,189.5022430419922
2023-11-22,255.0,190.16824340820312
2023-11-24,255.47000122070312,188.83624267578125
2023-11-27,255.41000366210938,188.6573028564453
2023-11-28,257.2900085449219,189.263671875
2023-11-29,261.9800109863281,188.2398223876953
2023-11-30,258.19000244140625,188.81634521484375
2023-12-01,258.8900146484375,190.0986785888672
2023-12-04,261.4599914550781,188.29945373535156
2023-12-05,255.3300018310547,192.26565551757812
2023-12-06,258.8299865722656,191.17222595214844
2023-12-07,264.3599853515625,193.110595703125
2023-12-08,268.5,194.54197692871094
2023-12-11,275.1199951171875,192.02706909179688
2023-12-12,276.1400146484375,193.5479736328125
2023-12-13,279.54998779296875,196.778564453125
2023-12-14,291.4599914550781,196.92767333984375
2023-12-15,293.07000732421875,196.39089965820312
2023-12-18,300.3500061035156,194.7209014892578
2023-12-19,295.3999938964844,195.7646484375
2023-12-20,290.6000061035156,193.66725158691406
2023-12-21,294.29998779296875,193.5181121826172
2023-12-22,296.69000244140625,192.44459533691406
2023-12-26,301.05999755859375,191.89788818359375
2023-12-27,300.510009765625,191.99725341796875
2023-12-28,298.7900085449219,192.42471313476562
2023-12-29,297.3399963378906,191.38096618652344
2024-01-02,291.2200012207031,184.53208923339844
2024-01-03,282.6600036621094,183.15037536621094
2024-01-04,290.2300109863281,180.8243408203125
2024-01-05,288.8500061035156,180.09869384765625
2024-01-08,297.44000244140625,184.4525604248047
2024-01-09,298.75,184.03506469726562
2024-01-10,299.6400146484375,185.07879638671875
2024-01-11,299.70001220703125,184.4823760986328
2024-01-12,307.7300109863281,184.81040954589844
2024-01-16,300.1700134277344,182.53408813476562
2024-01-17,294.3999938964844,181.58975219726562
2024-01-18,299.5199890136719,187.50424194335938
2024-01-19,300.0199890136719,190.41676330566406
2024-01-22,298.8299865722656,192.7328338623047
2024-01-23,298.1099853515625,194.01515197753906
2024-01-24,288.3299865722656,193.33920288085938
2024-01-25,285.1300048828125,193.01116943359375
2024-01-26,288.3599853515625,191.27162170410156
2024-01-29,290.2799987792969,190.58575439453125
2024-01-30,282.8900146484375,186.91775512695312
2024-01-31,278.1099853515625,183.2994842529297
2024-02-01,285.5799865722656,185.74481201171875
2024-02-02,290.32000732421875,184.7408447265625
2024-02-05,288.989990234375,186.55992126464844
2024-02-06,289.1499938964844,188.1702423095703
2024-02-07,285.69000244140625,188.27960205078125
2024-02-08,287.1700134277344,187.1961212158203
2024-02-09,286.2699890136719,187.96246337890625
2024-02-12,290.760009765625,186.27044677734375
2024-02-13,272.6700134277344,184.1703643798828
2024-02-14,278.1400146484375,183.28456115722656
2024-02-15,301.20001220703125,182.9959259033203
2024-02-16,311.9800109863281,181.4532012939453
2024-02-20,297.80999755859375,180.7067413330078
2024-02-21,298.8299865722656,181.46316528320312
2024-02-22,304.5299987792969,183.5035400390625
2024-02-23,301.79998779296875,181.6622314453125
2024-02-26,302.4100036621094,180.30860900878906
2024-02-27,307.0400085449219,181.77171325683594
2024-02-28,305.510009765625,180.56739807128906
2024-02-29,304.3999938964844,179.90054321289062
2024-03-01,306.8299865722656,178.815673828125
2024-03-04,307.9200134277344,174.277099609375
2024-03-05,306.5,169.32049560546875
2024-03-06,310.010009765625,168.32518005371094
2024-03-07,314.6300048828125,168.20574951171875
2024-03-08,309.3999938964844,169.92762756347656
2024-03-11,305.0799865722656,171.93814086914062
2024-03-12,309.010009765625,172.41587829589844
2024-03-13,302.989990234375,170.3257598876953
2024-03-14,302.239990234375,172.1869659423828
2024-03-15,298.8900146484375,171.80873107910156
2024-03-18,292.70001220703125,172.90357971191406
2024-03-19,295.6000061035156,175.2524871826172
2024-03-20,292.54998779296875,177.83030700683594
2024-03-21,283.7099914550781,170.56460571289062
2024-03-22,270.82000732421875,171.47035217285156
2024-03-25,267.3399963378906,170.0470733642578
2024-03-26,268.3999938964844,168.9124298095703
2024-03-27,276.3699951171875,172.49551391601562
2024-03-28,276.1600036621094,170.67410278320312
2024-04-01,272.04998779296875,169.2309112548828
2024-04-02,271.42999267578125,168.04649353027344
2024-04-03,266.79998779296875,168.85269165039062
2024-04-04,265.8599853515625,168.026611328125
2024-04-05,264.3599853515625,168.78302001953125
2024-04-08,270.0,167.65834045410156
2024-04-09,274.1700134277344,168.87261962890625
2024-04-10,266.7900085449219,166.9915008544922
2024-04-11,266.510009765625,174.2173614501953
2024-04-12,259.1600036621094,175.7202911376953
2024-04-15,254.80999755859375,171.87840270996094
2024-04-16,250.89999389648438,168.58399963378906
2024-04-17,249.0,167.21046447753906
2024-04-18,247.22000122070312,166.2549591064453
2024-04-19,245.9600067138672,164.2245635986328
2024-04-22,246.9499969482422,165.06060791015625
2024-04-23,247.8000030517578,166.11563110351562
2024-04-24,245.0,168.22567749023438
2024-04-25,237.1300048828125,169.09158325195312
2024-04-26,237.75,168.5043487548828
2024-04-29,239.2100067138672,172.68460083007812
2024-04-30,235.25999450683594,169.5294952392578
2024-05-01,234.97999572753906,168.5043487548828
2024-05-02,238.17999267578125,172.21682739257812
2024-05-03,242.1199951171875,182.51817321777344
2024-05-06,246.38999938964844,180.8560333251953
2024-05-07,249.5399932861328,181.5427703857422
2024-05-08,249.1999969482422,181.88119506835938
2024-05-09,181.92999267578125,183.7025909423828
2024-05-10,183.39999389648438,182.43685913085938
2024-05-13,190.72000122070312,185.65602111816406
2024-05-14,187.0500030517578,186.80215454101562
2024-05-15,190.47999572753906,189.0845184326172
2024-05-16,189.13999938964844,189.2041015625
2024-05-17,187.8000030517578,189.23399353027344
2024-05-20,191.5,190.40008544921875
2024-05-21,191.25999450683594,191.70570373535156
2024-05-22,189.3699951171875,190.2605438232422
2024-05-23,186.89999389648438,186.2540283203125
2024-05-24,180.11000061035156,189.3436279296875
2024-05-28,177.27000427246094,189.3535919189453
2024-05-29,178.42999267578125,189.65260314941406
2024-05-30,176.0500030517578,190.6492462158203
2024-05-31,177.92999267578125,191.6060333251953
2024-06-03,176.19000244140625,193.38006591796875
2024-06-04,174.50999450683594,193.69898986816406
2024-06-05,174.50999450683594,195.21389770507812
2024-06-06,175.2100067138672,193.82855224609375
2024-06-07,176.97999572753906,196.23048400878906
2024-06-10,176.97999572753906,192.4730987548828
2024-06-11,177.83999633789062,206.45611572265625
2024-06-12,180.0500030517578,212.35630798339844
2024-06-13,177.9600067138672,213.52236938476562
2024-06-14,177.5800018310547,211.77822875976562
2024-06-17,174.36000061035156,215.94422912597656
2024-06-18,170.25,213.5721893310547
2024-06-20,181.8000030517578,208.97763061523438
2024-06-21,184.77999877929688,206.7949981689453
2024-06-24,183.08999633789062,207.44281005859375
2024-06-25,181.91000366210938,208.36968994140625
2024-06-26,182.58999633789062,212.5356903076172
2024-06-27,185.11000061035156,213.3828582763672
2024-06-28,188.11000061035156,209.91448974609375
2024-07-01,185.5800018310547,216.02395629882812
2024-07-02,183.27999877929688,219.5321807861328
2024-07-03,185.52999877929688,220.80789184570312
2024-07-05,184.13999938964844,225.5818328857422
2024-07-08,186.1300048828125,227.056884765625
2024-07-09,182.58999633789062,227.9139862060547
2024-07-10,181.69000244140625,232.19960021972656
2024-07-11,189.1699981689453,226.80772399902344
2024-07-12,193.5,229.76776123046875
2024-07-15,199.72000122070312,233.61483764648438
2024-07-16,209.35000610351562,234.03343200683594
2024-07-17,211.30999755859375,228.1133270263672
2024-07-18,217.47000122070312,223.42906188964844
2024-07-19,208.89999389648438,223.5586395263672
2024-07-22,212.10000610351562,223.20980834960938
2024-07-23,207.3300018310547,224.2563018798828
2024-07-24,205.0399932861328,217.80795288085938
2024-07-25,207.13999938964844,216.76148986816406
2024-07-26,211.0500030517578,217.2299041748047
2024-07-29,210.0399932861328,217.50897216796875
2024-07-30,213.7100067138672,218.06710815429688
2024-07-31,215.1300048828125,221.3361053466797
2024-08-01,214.94000244140625,217.62855529785156
2024-08-02,208.99000549316406,219.12355041503906
2024-08-05,202.25,208.5690155029297
2024-08-06,206.66000366210938,206.5358428955078
2024-08-07,208.1699981689453,209.11717224121094
2024-08-08,191.16000366210938,212.59547424316406
2024-08-09,193.2100067138672,215.51568603515625
2024-08-12,189.00999450683594,217.0522918701172
2024-08-13,196.85000610351562,220.78408813476562
2024-08-14,199.9600067138672,221.23309326171875
2024-08-15,200.0,224.22650146484375
2024-08-16,201.35000610351562,225.5535888671875
2024-08-19,202.2899932861328,225.3939208984375
2024-08-20,199.72999572753906,226.0125732421875
2024-08-21,200.85000610351562,225.90281677246094
2024-08-22,196.57000732421875,224.0369110107422
2024-08-23,199.1199951171875,226.3418426513672
2024-08-26,196.1300048828125,226.68109130859375
2024-08-27,200.25,227.52923583984375
2024-08-28,198.57000732421875,225.99261474609375
2024-08-29,201.24000549316406,229.28536987304688
2024-08-30,200.75999450683594,228.49710083007812
2024-09-03,195.33999633789062,222.28079223632812
2024-09-04,200.5,220.36500549316406
2024-09-05,204.0,221.8916473388672
2024-09-06,204.82000732421875,220.33506774902344
2024-09-09,206.1199951171875,220.4248809814453
2024-09-10,206.5,219.62661743164062
2024-09-11,203.60000610351562,222.17103576660156
2024-09-12,202.3000030517578,222.28079223632812
2024-09-13,201.8800048828125,222.01136779785156
2024-09-16,205.4600067138672,215.84495544433594
2024-09-17,200.39999389648438,216.31390380859375
2024-09-18,198.0,220.20535278320312
2024-09-19,198.05999755859375,228.3673858642578
2024-09-20,197.0,227.6988525390625
2024-09-23,198.6300048828125,225.97265625
2024-09-24,200.22000122070312,226.8706817626953
2024-09-25,196.17999267578125,225.8728790283203
2024-09-26,200.5800018310547,227.02035522460938
2024-09-27,199.4600067138672,227.2897491455078
2024-09-30,199.02999877929688,232.48831176757812
2024-10-01,196.3800048828125,225.71322631835938
2024-10-02,196.0,226.28196716308594
2024-10-03,195.72000122070312,225.17440795898438
2024-10-04,198.35000610351562,226.30194091796875
2024-10-07,192.99000549316406,221.2031707763672
2024-10-08,195.17999267578125,225.27420043945312
2024-10-09,194.14999389648438,229.03591918945312
2024-10-10,192.77000427246094,228.53700256347656
2024-10-11,195.02999877929688,227.05029296875
2024-10-14,198.0,230.79205322265625
2024-10-15,198.49000549316406,233.33645629882812
2024-10-16,199.4499969482422,231.27099609375
2024-10-17,198.4499969482422,231.6401824951172
2024-10-18,201.5800018310547,234.4839324951172
2024-10-21,199.97999572753906,235.96067810058594
2024-10-22,197.9499969482422,235.342041015625
2024-10-23,193.16000366210938,230.25323486328125
2024-10-24,190.97999572753906,230.06365966796875
2024-10-25,191.52000427246094,230.9018096923828
2024-10-28,191.2899932861328,232.88743591308594
2024-10-29,193.8800048828125,233.15684509277344
2024-10-30,189.11000061035156,229.59469604492188
2024-10-31,188.64999389648438,225.4138946533203
2024-11-01,189.22000122070312,222.4204864501953
2024-11-04,189.3000030517578,221.52244567871094
2024-11-05,192.22000122070312,222.95928955078125
2024-11-06,202.69000244140625,222.23089599609375
2024-11-07,232.9199981689453,226.98043823242188
2024-11-08,233.4499969482422,226.7107391357422
2024-11-11,243.25,223.98373413085938
2024-11-12,245.75,223.98373413085938
2024-11-13,248.6999969482422,224.8727569580078
2024-11-14,244.86000061035156,227.9693603515625
2024-11-15,235.2899932861328,224.7528839111328
2024-11-18,233.39999389648438,227.7695770263672
2024-11-19,227.60000610351562,228.02928161621094
2024-11-20,234.5,228.7484893798828
2024-11-21,245.22000122070312,228.26902770996094
2024-11-22,245.27000427246094,229.61753845214844
2024-11-25,249.16000366210938,232.61424255371094
2024-11-26,248.6699981689453,234.8018341064453
2024-11-27,245.7899932861328,234.67198181152344
2024-11-29,243.9199981689453,237.06935119628906
2024-12-02,243.7899932861328,239.3268585205078
2024-12-03,240.50999450683594,242.3834991455078
2024-12-04,241.91000366210938,242.74310302734375
2024-12-05,240.3699951171875,242.7730712890625
2024-12-06,245.4499969482422,242.5732879638672
2024-12-09,247.1999969482422,246.47900390625
2024-12-10,250.08999633789062,247.4978790283203
2024-12-11,253.0,246.2192840576172
2024-12-12,250.07000732421875,247.68768310546875
2024-12-13,244.63999938964844,247.85748291015625
2024-12-16,243.3699951171875,250.7642822265625
2024-12-17,247.9199981689453,253.20159912109375
2024-12-18,239.11000061035156,247.77757263183594
2024-12-19,246.8000030517578,249.51565551757812
2024-12-20,248.25999450683594,254.21051025390625
2024-12-23,243.8000030517578,254.98965454101562
2024-12-24,242.47000122070312,257.91644287109375
2024-12-26,241.17999267578125,258.7355041503906
2024-12-27,238.47000122070312,255.30929565429688
2024-12-30,234.67999267578125,251.9230194091797
2024-12-31,233.82000732421875,250.1449737548828
2025-01-02,229.16000366210938,243.5821990966797
2025-01-03,230.72000122070312,243.0927276611328
2025-01-06,230.99000549316406,244.73092651367188
2025-01-07,228.4499969482422,241.94400024414062
2025-01-08,228.50999450683594,242.43344116210938
2025-01-10,225.6199951171875,236.58987426757812
2025-01-13,225.82000732421875,234.14256286621094
2025-01-14,226.8000030517578,233.02378845214844
2025-01-15,228.74000549316406,237.60874938964844
2025-01-16,229.08999633789062,228.00930786132812
2025-01-17,229.0800018310547,229.7274169921875
2025-01-21,237.36000061035156,222.39547729492188
2025-01-22,235.4199981689453,223.58416748046875
2025-01-23,245.3000030517578,223.41436767578125
2025-01-24,252.42999267578125,222.5353240966797
2025-01-27,252.05999755859375,229.6075439453125
2025-01-28,255.13999938964844,237.99832153320312
2025-01-29,251.85000610351562,239.0971221923828
2025-01-30,250.6300048828125,237.3290557861328
2025-01-31,253.9600067138672,235.74081420898438
2025-02-03,256.5799865722656,227.75958251953125
2025-02-04,255.00999450683594,232.54432678222656
2025-02-05,257.30999755859375,232.21469116210938
2025-02-06,264.260009765625,232.9638671875
2025-02-07,260.3800048828125,227.3800048828125
2025-02-10,260.0,227.64999389648438
2025-02-11,263.9200134277344,232.6199951171875
2025-02-12,264.989990234375,236.8699951171875
2025-02-13,267.6300048828125,241.52999877929688
2025-02-14,266.1199951171875,244.60000610351562
2025-02-18,260.9100036621094,244.47000122070312
2025-02-19,258.1099853515625,244.8699951171875
2025-02-20,225.07000732421875,245.8300018310547
2025-02-21,208.83999633789062,245.5500030517578
2025-02-24,207.3800048828125,247.10000610351562
2025-02-25,210.5,247.0399932861328
2025-02-26,213.22999572753906,240.36000061035156
2025-02-27,208.30999755859375,237.3000030517578
2025-02-28,206.13999938964844,241.83999633789062
2025-03-03,198.61000061035156,238.02999877929688
2025-03-04,198.00999450683594,235.92999267578125
2025-03-05,200.14999389648438,235.74000549316406
2025-03-06,197.27000427246094,235.3300018310547
2025-03-07,198.8000030517578,239.07000732421875
2025-03-10,190.41000366210938,227.47999572753906
2025-03-11,191.36000061035156,220.83999633789062
2025-03-12,189.2100067138672,216.97999572753906
2025-03-13,180.16000366210938,209.67999267578125
2025-03-14,182.72999572753906,213.49000549316406
2025-03-17,186.22000122070312,214.0
2025-03-18,183.02000427246094,212.69000244140625
2025-03-19,180.8699951171875,215.24000549316406
2025-03-20,172.27999877929688,214.10000610351562
2025-03-21,175.3000030517578,218.27000427246094
2025-03-24,178.30999755859375,220.72999572753906
2025-03-25,178.99000549316406,223.75
2025-03-26,176.9199981689453,221.52999877929688
2025-03-27,174.22999572753906,223.85000610351562
2025-03-28,168.92999267578125,217.89999389648438
2025-03-31,168.83999633789062,222.1300048828125
2025-04-01,167.52999877929688,223.19000244140625
2025-04-02,169.05999755859375,223.88999938964844
2025-04-03,155.5500030517578,203.19000244140625
2025-04-04,144.6699981689453,188.3800048828125
2025-04-07,144.9499969482422,181.4600067138672
2025-04-08,143.3300018310547,172.4199981689453
2025-04-09,159.0,198.85000610351562
2025-04-10,146.2899932861328,190.4199981689453
2025-04-11,147.75999450683594,198.14999389648438
2025-04-14,151.97000122070312,202.52000427246094
2025-04-15,151.5500030517578,202.13999938964844
2025-04-16,147.27999877929688,194.27000427246094
2025-04-17,147.16000366210938,196.97999572753906
2025-04-21,145.61000061035156,193.16000366210938
2025-04-22,147.38999938964844,199.74000549316406
2025-04-23,152.60000610351562,204.60000610351562
2025-04-24,158.02999877929688,208.3699951171875
2025-04-25,159.1199951171875,209.27999877929688
2025-04-28,158.88999938964844,210.13999938964844
